name,semimajor_axis,eccentricity,inclination,long_ascend_node,abs_mag,size,semiminor_axis,anomaly,x0_pos,y0_pos
2017 RQ16,2.1869936,0.4752091,38.81682,352.8668,20.2,0.3129531674054072,1.924276390080924,234.45478,-1.1639674334926426,-1.629100957952678
2017 FD157,1.1297648,0.3968265,8.28839,172.87076,22.3,0.11898147579246932,1.0370039212589865,320.79225,0.8444424631670687,-0.6889006874057299
2011 SM102,2.472767,0.5545694,1.67927,109.55011,24.6,0.04125526217847486,2.05768209252306,344.39003,2.3441656146665464,-0.6549425263484616
2018 GQ4,1.3729501,0.1713108,28.27993,24.84501,24.1,0.05193729792671286,1.3526538293372823,254.62341,-0.3590432672956077,-1.305581689127496
2017 RO2,1.116833,0.1559915,18.77318,355.04248,22.2,0.1245888999915215,1.1031611744093797,242.37954,-0.512781985024941,-0.9800089558919356
2014 HU46,1.5042823,0.4188359,1.89394,200.49293,27.8,0.009451034563112188,1.3659815052977968,286.33388,0.38685384664745764,-1.3200389150910725
2017 EV,1.368579,0.3264246,7.06141,345.19806,26.8,0.014978880340791204,1.293612681700579,98.4887,-0.19117786461999775,1.280929037097426
2006 WT29,1.7166876,0.3124239,31.59315,259.5775,19.7,0.39398469514814133,1.6307550105033353,202.27305,-1.5764017222860254,-0.6456634221629134
2014 MD18,2.0327523,0.4891341,3.21091,67.2676,24.6,0.04125526217847486,1.7729840264302286,252.25145,-0.5465871201927087,-1.7076865206290293
2017 UL1,2.8630937,0.681988,9.69834,197.68589,24.8,0.03762524628723898,2.093961835288404,121.38836,-1.1666925957188539,1.9122227539068637
2013 UD1,1.3142521,0.3266701,5.76949,213.04784,24.7,0.039398469514814086,1.242150162179231,271.14964,0.02492260993905021,-1.24192679835552
2006 KK103,2.1309955,0.4628035,8.12666,70.15936,22.5,0.1085123956052948,1.8890441806032139,43.27499,1.4607855442201263,1.3753712666526825
2012 FC1,2.8573184,0.6162074,8.3161,177.75283,24.6,0.04125526217847486,2.250378042744728,165.12875,-2.7075655080999317,0.7189728770557654
2005 FN,0.933524,0.3302119,3.75136,177.31625,26.9,0.014304719672357854,0.8811596782722128,149.43092,-0.7913521805683281,0.4674281366948774
2013 NJ10,1.6135285,0.457289,7.0396,90.75196,18.4,0.7169342880402657,1.4349401792855643,101.35285,-0.2836202642161,1.4125983247305132
2017 QK33,2.1755998,0.4878745,6.55537,157.71988,24.5,0.04319956278440562,1.899111051336172,193.16496,-2.1014642881152024,-0.4915383134705673
2019 AW11,2.1802,0.5096732,2.17421,83.62149,22.5,0.1085123956052948,1.8757744830985514,17.10177,2.0528834836278453,0.6316188442739702
2010 EF44,2.1871022,0.8880514,38.02172,173.72236,20.2,0.3129531674054072,1.0055075073110342,309.69617,0.779816196195659,-0.9394209149292513
1979 XB,2.2199764,0.707309,24.57497,84.74573,18.6,0.6538518417986329,1.5693113171011785,313.92493,1.2493964924566303,-1.2971849094976031
2008 AM33,1.8621957,0.411973,1.51312,307.81856,21.2,0.197460099452781,1.6968253720276516,139.34679,-1.3552195540662109,1.1637485448637186
2005 QK76,1.3987906,0.5181902,22.8954,337.46555,25.1,0.03277021957931538,1.1963372119910245,126.76453,-0.7531825674563566,1.0081004184823743
2018 PQ9,1.3950278,0.1957926,12.26285,134.67282,24.8,0.03762524628723898,1.3680274934026213,167.34537,-1.3598400703423794,0.30532191213937104
1983 TB,1.2713728,0.8898977,22.2603,265.21619,14.6,4.1255262178474945,0.5799496086682839,313.939,0.5116127142661842,-0.5309204921585196
2013 AV60,2.0646599,0.732059,7.37143,197.66036,18.7,0.6244236612741558,1.406531460516902,62.49555,0.690201121135341,1.3256126340538248
2017 WY28,2.6441507,0.701822,37.33909,243.19361,21.5,0.17198055709247903,1.8835669830231772,142.38177,-1.7948612276350453,1.3831392059791319
2012 PO17,2.1589879,0.4461845,8.43667,286.32512,22.9,0.09025667938004488,1.9321667883789408,47.97643,1.3553341394919205,1.5040063613978527
2017 WQ12,1.9499845,0.5322111,10.42063,229.63452,25.3,0.02988679546440889,1.6508796631056384,208.13269,-1.6487064395237634,-0.8815364756214473
2018 VF5,1.7033375,0.4234937,2.95165,231.08757,27.6,0.010362853329448146,1.5430518205122454,63.92961,0.6901917661998265,1.4107015208296998
2007 EO,1.9069656,0.456393,5.45951,190.7793,22.8,0.09451034563112186,1.6967766165848117,214.53629,-1.5084134407944534,-1.038111134790141
2013 CK129,2.3928466,0.6086039,6.78051,315.11315,22.1,0.13046059395138054,1.8986620218134105,256.26085,-0.45572178685074183,-1.863909976067868
2017 BJ29,1.331896,0.3437773,25.34761,127.14496,25.2,0.031295316740540716,1.2507185454315548,126.98701,-0.769104853226591,1.0211182019276033
2015 BD515,2.0175592,0.619379,7.30071,34.60164,20.6,0.26030310669964696,1.5839698520047683,139.89082,-1.3755841449554076,1.158726140466275
2010 CP19,1.1872689,0.1479316,13.97779,145.2527,25.9,0.022671452828784543,1.1742060860014043,19.23742,1.1196145932443697,0.39071113644230737
2010 WP8,2.0029151,0.4421656,18.19208,269.88833,18.3,0.750722360083508,1.7964815154708906,319.8561,1.4591592307373973,-1.230638180986661
2017 UQ5,1.487081,0.2958897,6.12786,30.19524,26.9,0.014304719672357854,1.420492655232106,302.09402,0.7642250750720573,-1.218561666269979
2009 DR3,1.9757225,0.5605298,4.08049,344.71609,21.5,0.17198055709247903,1.636163479440374,219.49258,-1.4004377828780592,-1.1541272508507108
2007 HH44,2.4269047,0.5641189,1.73134,171.92452,25.0,0.034314632447397714,2.003879598626117,56.85557,1.1517775980847682,1.7638319770809534
2019 AZ9,1.3661777,0.2785069,20.66094,284.87933,25.1,0.03277021957931538,1.3121238248510196,83.42108,0.1504088034948389,1.3041475707998396
2015 XD130,1.482485,0.4634708,32.97702,253.60069,19.5,0.43199562784405615,1.3136480335730556,256.45028,-0.30960406053078593,-1.284681502402266
2018 VQ3,1.780592,0.6249338,10.48869,123.46315,20.6,0.26030310669964696,1.3900685519771032,25.65608,1.5165368987698686,0.7284286928806772
2017 WD13,2.0812741,0.6974777,0.68452,209.58396,24.4,0.04523549545486838,1.4914545224355404,189.74329,-2.0239804374280967,-0.3475394211726826
2015 TA145,1.4399117,0.1380321,7.80549,90.27014,21.5,0.17198055709247903,1.4261285135161517,71.86568,0.44428661499206523,1.356544432122663
2006 BQ7,1.3471301,0.2573137,4.97404,302.02766,26.5,0.01719805570924787,1.3017694350448643,186.58909,-1.3376075534832135,-0.15450836916897193
2006 OZ,2.2031231,0.4658657,5.00761,40.44201,18.6,0.6538518417986329,1.9494454598577426,306.11041,1.1948070105552313,-1.6378642167226682
2017 OD1,2.2048764,0.4677773,7.10136,147.5356,20.4,0.28541668088449595,1.9487719922637061,174.14876,-2.1902031610731383,0.22445182738267264
2015 ET3,2.7269624,0.5518806,11.73287,109.78729,19.7,0.39398469514814133,2.2740770471328893,357.06749,2.7218318635168597,-0.13943044712710878
2016 UE,1.0568585,0.1520024,1.08813,181.06317,25.1,0.03277021957931538,1.0445779357487919,40.54572,0.7991102023179905,0.6836081479834598
2014 BQ,3.0028961,0.6483888,5.64052,293.32145,24.5,0.04319956278440562,2.2861329522361875,4.06512,2.9898967569369805,0.21248902978235695
2011 AH5,1.0780677,0.290163,6.84469,294.65404,26.0,0.021651069365823925,1.0316862495742891,87.74901,0.040524256441762,1.0309571124983647
2009 AM,3.0044063,0.5839834,10.98335,290.83416,21.4,0.18008575104123223,2.438873681247837,348.92633,2.9207172570889415,-0.5716282048456276
2008 GV,2.713116,0.6172012,30.29152,15.47081,23.2,0.07861028149035892,2.134694218332486,167.77366,-2.6157310873901976,0.5667999194406499
2016 RQ33,1.3073386,0.302407,32.87674,30.1832,19.2,0.4959973445799733,1.2461275624663604,40.45236,0.974384612244255,0.8308029090298483
2007 WC5,0.9732022,0.2104265,8.54355,236.64739,27.3,0.011898147579246907,0.9514118921475597,58.58183,0.49896315178122846,0.8168502471915475
2014 QQ296,2.3620271,0.5105503,5.1614,321.4746,21.4,0.18008575104123223,2.03098401425656,80.17567,0.3478650558643786,2.0088376379555233
2008 JN,1.0771942,0.8034061,32.03067,216.4638,20.6,0.26030310669964696,0.6413953287099828,235.26356,-0.41107104391477867,-0.5928560028946813
2014 XU6,0.7602777,0.4341592,30.73009,259.29014,24.0,0.05438502736768578,0.6848856445999482,49.9819,0.45863732869466894,0.5462321527998334
2016 EF158,1.0310543,0.25539,22.89063,173.92732,25.1,0.03277021957931538,0.9968625997581401,74.17241,0.27254985650455443,0.9614034972119418
2017 FU90,0.7730857,0.6490515,2.34084,359.85797,25.2,0.031295316740540716,0.5881206719810514,113.81478,-0.24607298748537382,0.5575325862561292
2010 XC25,1.7430001,0.5280568,2.97666,304.01509,20.9,0.22671452828784544,1.4801714645837691,198.21663,-1.6252220847083747,-0.5348685929435311
2011 EP40,1.0799969,0.2794141,16.62814,145.12056,21.0,0.21651069365823924,1.0369813724873607,303.88257,0.5852535278170578,-0.8715217212127266
2018 EL4,1.0638607,0.1972577,3.18027,168.54096,25.4,0.028541668088449594,1.0429576154761504,76.66284,0.24083982518261976,1.0158807655382476
2015 XB128,0.8200662,0.2370372,15.6449,245.0496,25.4,0.028541668088449594,0.7966947842433081,6.30316,0.8148165269139303,0.09000206915522432
2014 JH57,3.3418381,0.8745858,26.20923,55.18197,16.1,2.067661072379766,1.6203596638956352,271.87418,0.053015195699833845,-1.6201557538223033
2016 JN17,1.3858252,0.1460546,26.47618,84.01327,20.5,0.27257081417153944,1.3709643457499832,209.24705,-1.2060283601412745,-0.6753267664992023
2012 WF,1.1212775,0.1989459,14.04146,52.86986,26.1,0.020676610723797662,1.098863694102348,200.442,-1.0480355142985,-0.39063565723982274
2015 MN44,1.7968521,0.3527385,3.54565,284.03331,22.4,0.11362642725569726,1.6813539344608752,220.87852,-1.3190481698067829,-1.1417300881926111
2002 SM,1.8718307,0.4862201,14.42626,10.90218,17.8,0.9451034563112187,1.635673757874615,250.66034,-0.5488439871440902,-1.5637815174384242
2004 TN,1.4281594,0.4356362,14.04377,17.15056,18.9,0.5694811474323337,1.2855188746013884,59.65498,0.6657762058085349,1.137287047112367
2009 BK58,2.5512921,0.6201894,2.58843,139.0634,25.8,0.023739925482809593,2.001366463337611,180.11384,-2.551283916466139,-0.00506910885421682
2003 OQ13,1.302274,0.1606499,16.15168,123.74746,20.3,0.29886795464408883,1.2853593537864465,238.44621,-0.6750165515813917,-1.099209192104007
2018 LO3,1.156756,0.0837789,8.61327,247.72082,25.5,0.027257081417153942,1.1526892717332409,250.63726,-0.3823189644959359,-1.087911165609732
2004 GP,0.6965729,0.4884611,14.55153,115.64691,19.4,0.4523549545486838,0.6078195315673506,108.7889,-0.19823656156507846,0.5826860749293917
2013 RH43,2.0989635,0.4484465,4.25025,216.14313,21.8,0.14978880340791204,1.8760738855497208,314.7798,1.3927876691319836,-1.4035345897299283
2008 ET7,1.4237167,0.1385243,18.12901,357.11187,21.2,0.197460099452781,1.4099906971996918,271.26493,0.031126254084219884,-1.4096536857044888
2010 JL33,2.6804983,0.7345418,5.37321,52.52566,17.7,0.9896448099650541,1.8188881512099495,341.38999,2.4011090335463052,-0.808529495918128
2013 NP8,1.8729492,0.4382212,8.04914,80.25968,21.7,0.15684813222680874,1.6835325371298404,78.96728,0.3233157780064756,1.6582590323725392
2013 WT43,2.346506,0.7465629,16.58091,237.90014,22.5,0.1085123956052948,1.5611652639831883,197.69747,-2.1157505568003825,-0.6751191947856628
2014 GC49,0.7347865,0.6440021,6.4278,193.28877,28.6,0.006538518417986328,0.5621291030923178,108.29932,-0.18022072693927926,0.5449588316639254
2002 LX,2.5128691,0.6701275,3.2373,197.62117,20.9,0.22671452828784544,1.8651670536188443,101.08218,-0.3615281369740578,1.8457627884188474
1999 TB5,1.9676129,0.39394,30.43237,195.64519,19.0,0.5438502736768585,1.8085041607560317,4.69936,1.9597905535932838,0.16110207423715617
2014 QD3,1.5476863,0.4091633,4.29303,307.98748,25.0,0.034314632447397714,1.4122036581762587,128.58334,-0.910879005105886,1.1417191436403398
2014 QK266,2.7587942,0.5805493,12.58001,338.86711,19.3,0.47367378676019345,2.2462794779523807,346.26572,2.6423203986629344,-0.6458033685863529
1996 FR3,2.1669112,0.7947776,8.0893,27.45845,16.3,1.8857293101246126,1.3151001149188861,116.48059,-0.6270952733932244,1.2588263035953915
2017 QJ33,1.8387455,0.31772,8.86335,83.23752,20.0,0.34314632447397714,1.7434701333776195,298.62218,0.8450219443081054,-1.5484533347327416
2015 RY82,2.2009785,0.5452395,6.79838,346.93784,26.6,0.016424015696315356,1.8450369517628245,47.85471,1.3302730145755655,1.4699048884639767
2011 RH1,1.4604255,0.2216915,6.95629,293.34205,23.0,0.08619445964685658,1.424085518966193,136.38847,-1.0446297925886459,0.995188437797461
2000 EZ148,2.5838138,0.6125832,11.17924,3.83414,14.9,3.5931831251543818,2.042262221736296,178.4878,-2.582373866637351,0.06817208495763158
2006 LK,2.8546327,0.6386829,10.17747,157.77654,19.7,0.39398469514814133,2.1965543578690268,213.70663,-2.156923051196222,-1.4388494871272053
2015 US81,2.7742425,0.5330702,53.60142,93.40985,18.9,0.5694811474323337,2.347206166927502,279.32396,0.38171239002745866,-2.3248820073975143
2012 HK8,1.4586186,0.2962403,36.80874,210.91243,23.5,0.06846669297430096,1.3931462297532862,11.97967,1.4239040787028119,0.3021321307591835
2019 CL2,1.3562561,0.327885,1.44281,86.75952,23.4,0.07169342880402657,1.2812790673737333,0.31256,1.3562334886265526,0.007398599824950284
2013 AM20,1.3913809,0.2266687,9.16672,106.36182,23.5,0.06846669297430096,1.355165926261347,318.44165,1.028952806060485,-0.9122103343923469
2000 AC6,0.8532447,0.2864291,4.69569,101.45457,21.5,0.17198055709247903,0.8174949763404293,355.02003,0.8497376985719785,-0.07404309163310083
1998 FG12,2.2428123,0.5787608,8.64718,22.1802,21.0,0.21651069365823924,1.8290074989221365,121.19885,-0.9931268399997988,1.6399216063602913
2016 LR,1.3815334,0.4353072,2.5425,98.06058,26.4,0.018008575104123223,1.2437696233421498,245.91965,-0.5156786837200023,-1.153875657372613
2016 JX5,1.3589171,0.3137647,1.60385,232.22,27.0,0.01366090123221672,1.2902928333910173,348.05961,1.3264183292510237,-0.28049689588623844
2013 UK,1.8446834,0.3792578,7.22006,265.46404,23.3,0.0750722360083508,1.7068690340519788,71.00128,0.5599504555494834,1.6263322309430082
2017 BV,1.4783584,0.3872349,13.67836,117.84571,26.0,0.021651069365823925,1.3630184905694707,118.28605,-0.6570558397175961,1.2209972047976572
2006 OB7,2.1095915,0.512862,6.59142,289.78505,23.9,0.056948114743233316,1.8110232611225157,54.67937,1.0963494795825401,1.5472483175868081
2012 ES14,2.5630902,0.653785,24.75751,189.20682,20.0,0.34314632447397714,1.9394400263676852,244.83388,-0.858584599085458,-1.8273891677047058
2007 VE3,2.2691163,0.6969483,1.39499,343.47792,23.1,0.08231506991887196,1.6272318021117145,148.34988,-1.7207825765754936,1.060708601018988
2017 UZ44,1.9847977,0.6927791,11.18348,9.66083,22.3,0.11898147579246932,1.431336580765692,213.80391,-1.4545460710812617,-0.9738774766151364
2000 BM19,0.7404944,0.3586613,6.88869,70.33928,18.6,0.6538518417986329,0.6912276539862322,194.22468,-0.714612606689816,-0.18115235089926074
2005 RB,2.1958091,0.4729905,17.73777,170.915,20.3,0.29886795464408883,1.9346560932217862,62.7976,0.905827127230727,1.7623673801696365
1982 FT,1.7744465,0.2841527,20.35731,348.75529,14.7,3.939846951481413,1.7013021076736536,231.20335,-1.0832716704289327,-1.347479557958682
2016 CK18,1.3369736,0.3111886,20.22047,134.02354,24.2,0.049599734457997334,1.2705904218412598,76.32237,0.30125898435037,1.2379142941744323
2014 GG1,1.4846504,0.3445808,5.01167,182.98211,26.3,0.018857293101246106,1.3937254551817002,304.22537,0.7990508777268404,-1.1746485125650035
2018 HL2,1.6710407,0.4678198,33.46076,45.92827,21.2,0.197460099452781,1.476905659863189,140.00887,-1.212049076255604,1.0167102223908313
2008 TY3,1.8388796,0.3916445,3.2476,25.42012,23.9,0.056948114743233316,1.6919836733649365,90.55487,-0.016385553465236978,1.6919165010316226
2014 XL7,1.6541735,0.5330927,7.50247,74.48589,21.0,0.21651069365823924,1.3995248009917476,71.2766,0.45597291912260324,1.3453045108731012
2011 SQ25,1.4451708,0.248286,5.39981,8.38362,23.6,0.06538518417986329,1.3999178372080003,134.93585,-1.0043468821415578,1.0065983951594375
2015 RD2,1.7459532,0.3927402,14.6596,121.05097,19.4,0.4523549545486838,1.6056649232851337,157.16223,-1.5874256692932305,0.6685240079431642
2007 VF8,1.7796603,0.4549557,30.44886,41.86909,22.5,0.1085123956052948,1.5848125391383,285.55922,0.4283021658260552,-1.5382320626378059
2016 WL7,1.0575415,0.1854711,10.01819,242.81173,24.3,0.047367378676019346,1.0391928582438634,14.30131,1.0236563597637836,0.26095165973736045
2009 UP5,1.8142212,0.346878,33.87699,16.60597,19.3,0.47367378676019345,1.701576674780819,322.38499,1.401826844358245,-1.0801371574226277
2014 PQ58,1.1937567,0.10311,13.20745,139.02121,24.1,0.05193729792671286,1.1873939281827814,226.71254,-0.8161897118223408,-0.8664993650949229
2007 GC,2.002812,0.457806,8.14609,193.01282,21.3,0.1885729310124611,1.7806042481270297,67.78348,0.6835793614826894,1.6736804960327112
2006 YB,2.0570308,0.5107576,4.40142,75.35043,24.1,0.05193729792671286,1.7684803241041556,57.99258,0.9737049791069033,1.557804747843904
2017 AG3,1.5699363,0.4756629,1.58679,24.86309,25.4,0.028541668088449594,1.3809593808236325,90.73687,-0.01776009569396699,1.3808710135726663
2015 RK82,1.1912444,0.3535876,10.18986,319.54124,20.6,0.26030310669964696,1.114291698607557,88.74149,0.024474346668024123,1.1140564997506504
2017 UO1,2.5375534,0.5875711,1.62831,72.82009,24.9,0.03593183125154382,2.0533185346966447,130.32452,-1.436636507958094,1.6925546993491096
2017 WE,0.9820855,0.3031535,26.74168,54.72553,26.7,0.015684813222680873,0.9358702629333026,91.71065,-0.027938779980185777,0.9354914805030154
2013 BU15,2.1267938,0.6516268,2.21167,319.33752,23.3,0.0750722360083508,1.6132575829481888,348.29552,2.051649578800529,-0.4250435049730142
2010 TP55,2.3485341,0.6698493,3.32761,232.8575,20.5,0.27257081417153944,1.7437797138726194,157.13205,-2.042085200056862,0.861264754665019
2015 TQ21,1.1297952,0.6049999,3.32827,15.47228,27.4,0.011362642725569702,0.8995718006245674,30.21452,0.9119158804659825,0.5310571441093765
2019 BQ1,1.5103015,0.3194653,1.8154,0.43849,25.3,0.02988679546440889,1.431158642937306,52.21008,0.894270422593172,1.1533053874046981
1999 LW1,1.438109,0.6821557,6.66928,204.57367,20.3,0.29886795464408883,1.0515552929328074,152.92889,-1.1787163763793185,0.6024298625355128
2016 UX41,3.3823572,0.6203819,14.90139,3.08661,20.1,0.32770219579315385,2.6527823382807982,143.38087,-2.4551768798770364,1.8246474489389322
2014 WG200,2.4666322,0.5786198,0.78863,278.54059,24.6,0.04125526217847486,2.0117788214173435,54.49504,1.2405304690585732,1.7388411514090252
2004 SB20,1.1828978,0.4132771,30.27463,30.91869,18.8,0.5963199670531791,1.0771530230734112,206.35442,-1.039074449528829,-0.5147711471721786
2015 DJ155,1.8392126,0.4820073,4.44773,328.44566,23.9,0.056948114743233316,1.6114577543569688,260.75725,-0.2596077680905799,-1.5953238318001826
2013 VM4,1.6703865,0.2544283,18.71175,195.42705,20.5,0.27257081417153944,1.615416819719914,164.82942,-1.608367836195599,0.4360971722173547
2013 LK7,1.1205233,0.3473183,21.53228,92.19443,20.5,0.27257081417153944,1.0507676990592203,76.59728,0.2443548881603298,1.0254785128607606
2010 SE,1.0478747,0.2907382,20.31773,175.23578,24.3,0.047367378676019346,1.0026092832643752,300.60145,0.5160751561956035,-0.8725850322273943
2005 AN19,1.9349001,0.3350125,39.84423,121.47061,18.0,0.8619445964685667,1.8230893498804108,72.33222,0.5561850310443663,1.7461476059940406
2002 AC5,1.7592287,0.4936473,16.55196,82.40679,20.0,0.34314632447397714,1.529934702651528,165.97256,-1.6908393465220068,0.42243381332047014
2009 TB3,1.3184918,0.219239,12.2193,22.13937,21.2,0.197460099452781,1.2864144566753313,201.57768,-1.221926432074101,-0.48324435450322034
2013 US8,1.4005878,0.2658791,4.73362,22.74016,25.0,0.034314632447397714,1.3501755774945137,115.05983,-0.5755477012773405,1.2309085759609513
2008 XL1,1.4248611,0.1995655,27.32606,248.34433,22.8,0.09451034563112186,1.396199290452845,77.13352,0.31121284152373785,1.3624890268913343
2016 AB166,1.5187967,0.639203,16.40884,112.04805,24.4,0.04523549545486838,1.1680124549270077,298.47541,0.5847015565496381,-1.07798933505762
2011 UU,2.5863403,0.5533073,6.79662,215.59779,23.0,0.08619445964685658,2.154362526253406,291.61601,0.8106519673478124,-2.0458028011375
2018 VN3,1.7055067,0.3176374,13.30213,234.7099,21.3,0.1885729310124611,1.6171823553536893,58.05043,0.8681198176702553,1.3920069461394913
2007 VK3,1.1242963,0.1058449,24.82743,38.33878,21.9,0.14304719672357855,1.1179807356054885,133.25308,-0.7680879699415863,0.8164136157755886
2013 CV83,1.4334398,0.4528189,4.5651,339.37169,23.8,0.05963199670531786,1.2780585300161997,251.58686,-0.4078898560276157,-1.2252239177589723
2010 FR,1.1317852,0.3654841,14.23744,167.30448,21.7,0.15684813222680874,1.0534855642329186,260.35601,-0.17681766754127293,-1.0405496690811378
2018 VO7,1.3332157,0.1339789,21.53668,224.12245,23.7,0.06244236612741559,1.3211956735134263,112.96478,-0.5161903383942144,1.2181496033377572
2018 TY,1.4628294,0.1454233,19.04457,196.86049,22.4,0.11362642725569726,1.447278833674686,118.28717,-0.6874869317031765,1.277487011812584
2010 UY7,0.8967506,0.1502859,0.45714,40.05319,28.5,0.006846669297430096,0.886565825563389,132.55645,-0.6027202850465349,0.6564541284478126
2006 BA9,0.9124066,0.3661573,8.32214,305.86044,22.7,0.09896448099650541,0.8490426723016573,204.60717,-0.8186301986880119,-0.37492209181404534
2010 XJ52,1.3839359,0.2298157,6.56408,263.29259,25.2,0.031295316740540716,1.3468937029724137,62.62855,0.6227300724117617,1.2028346839897888
2005 JU1,2.3363009,0.6861187,6.06859,33.0641,21.6,0.16424015696315358,1.699634625529392,310.80229,1.2425065194368285,-1.4393413502887007
2017 YQ3,1.736092,0.403488,5.09573,245.57245,20.6,0.26030310669964696,1.5884980282207601,252.92404,-0.46975413971857305,-1.5292424613177082
2016 TB11,1.7766942,0.4918447,9.15098,196.85257,25.2,0.031295316740540716,1.5469373387959224,45.67475,1.1509979332362685,1.1784319871741473
2007 CN26,1.2926323,0.269228,7.58326,159.30011,21.1,0.2067661072379766,1.2449037504440255,330.24548,1.1115646232103513,-0.6354278635281447
2013 KL6,2.1038819,0.5343556,7.13074,81.18852,24.2,0.049599734457997334,1.7783267482848224,320.69125,1.5111818028210755,-1.2372734110827976
2017 TB4,2.0254658,0.5021337,26.5803,192.10187,21.8,0.14978880340791204,1.751602572957905,200.65546,-1.85672007552767,-0.6999470886424219
2015 VE,1.0984738,0.1246327,8.35185,216.37403,25.8,0.023739925482809593,1.0899089426999646,52.14902,0.6707431965591157,0.8631300298392462
2017 FS,2.163845,0.695924,0.88082,355.32338,29.0,0.005438502736768578,1.5538905058602042,224.05025,-1.2897583259379437,-1.247693008415407
2003 AL73,2.543505,0.6936358,9.63608,217.36848,19.4,0.4523549545486838,1.8321524836956986,350.97205,2.483800991368774,-0.394637567507416
2009 FY4,1.0125105,0.3274007,20.98091,162.63087,21.0,0.21651069365823924,0.9567065830220783,73.43097,0.2740212653572186,0.9210041092371674
2018 RO2,2.6896584,0.5240297,11.66967,340.12838,21.2,0.197460099452781,2.290782033254878,55.97707,1.340673168314261,1.9859148714546013
2017 UV5,2.4898025,0.4861115,14.89482,42.46879,21.4,0.18008575104123223,2.1758304267228916,149.67726,-2.0691377596566682,1.21020837287707
2006 DN,1.3796096,0.2755437,0.26586,96.62433,24.5,0.04319956278440562,1.3262029069479544,20.64263,1.2844936246175298,0.48390044867576915
2016 QG44,1.1780741,0.2429471,17.30004,351.2323,22.1,0.13046059395138054,1.1427784564942993,119.66805,-0.5697805765700718,1.0002272750786771
2016 CS30,1.3418581,0.2528854,23.4105,325.08206,22.9,0.09025667938004488,1.2982426664000914,85.54045,0.10096472539139886,1.2945624951689751
2018 TE2,2.6978725,0.6794422,1.35366,7.30805,28.4,0.007169342880402656,1.979507386083067,37.17608,1.875906837807676,1.422656809537755
2015 DS,1.3407624,0.2406269,3.38903,313.1237,24.9,0.03593183125154382,1.3013676999736474,233.66546,-0.7790169565902365,-1.0591642400420676
2009 SJ18,0.9448912,0.1113519,12.56939,0.42344,24.6,0.04125526217847486,0.9390149589012885,349.70632,0.9294966470381836,-0.16881225740079064
2009 SC1,1.7409356,0.5005583,7.54679,179.57768,24.6,0.04125526217847486,1.5071328741902135,87.84789,0.056606719801762385,1.506335968464825
2010 XA,2.4319028,0.572217,2.99836,244.48183,25.4,0.028541668088449594,1.9944089646680414,79.38376,0.36948871009071477,1.9712551566869436
2018 KW1,1.4753672,0.3309085,6.49279,61.56164,29.7,0.003939846951481409,1.3922492090545044,173.56935,-1.4649550034414869,0.16511460748494736
2013 GE55,1.0459491,0.4111554,24.76869,30.67857,22.8,0.09451034563112186,0.9534508712123395,153.92408,-0.921547124190897,0.4509811213981238
2006 BA148,1.6305915,0.614079,15.76269,327.60119,18.4,0.7169342880402657,1.2869354774335853,222.56624,-1.062720981387774,-0.9760670057572056
2014 HN197,2.8531838,0.7779151,4.16054,267.43546,19.7,0.39398469514814133,1.7928533796358574,50.44586,1.3143019491048624,1.5913097557996967
2007 PQ9,1.4266476,0.2410854,8.5558,135.98363,22.0,0.1366090123221672,1.3845670670695234,295.075,0.5898724250826146,-1.260674448094118
2016 PC8,1.0753431,0.1623686,8.80125,129.96763,24.7,0.039398469514814086,1.061073484963881,55.77597,0.5992838844989106,0.8810244077107704
2013 BC70,1.3088891,0.421082,12.14869,123.81848,24.1,0.05193729792671286,1.187191960223723,112.02606,-0.45088816119127656,1.1145276010812093
2017 DY37,2.0422104,0.4849414,26.00956,160.00343,25.2,0.031295316740540716,1.7860082587075299,264.84594,-0.1605968156992052,-1.7804773136190248
2011 TP,1.7248407,0.4543228,9.54661,7.52323,26.5,0.01719805570924787,1.536552140070004,107.15164,-0.4572543848450194,1.4815759407400713
2008 AU26,1.3948252,0.1024506,2.66133,299.65022,20.9,0.22671452828784544,1.3874857601433834,350.70146,1.3763064041109434,-0.22534280591382314
2001 UN16,1.7961953,0.4501877,1.65192,210.13517,23.4,0.07169342880402657,1.6038837598817113,109.79073,-0.5494728344236558,1.5269946344488472
2018 CY,1.1820994,0.2507627,2.60543,218.49326,23.5,0.06846669297430096,1.1443296547769506,261.02035,-0.1787481211342341,-1.131171340569979
2007 RX8,1.1380092,0.2112665,9.38826,348.40587,24.5,0.04319956278440562,1.1123226214799624,262.24575,-0.15014050406691803,-1.1025994649232926
2015 TU178,1.6213567,0.3161055,4.43508,131.93252,23.4,0.07169342880402657,1.5382200862210447,272.05513,0.055165800100707624,-1.5373294570194163
2017 HE4,2.8911609,0.9426406,41.05693,208.64806,21.2,0.197460099452781,0.9650966147585911,135.16436,-0.9201752668915569,0.9149110812556057
2016 XB2,1.1645331,0.4989119,11.83246,253.27785,21.5,0.17198055709247903,1.0092457645057993,58.87408,0.5399658320911337,0.8941967253877017
2015 TS237,2.1600265,0.4224356,5.32969,215.06594,22.6,0.10362853329448146,1.9578327723995241,58.0463,1.0630588608066067,1.7043128814038968
2002 UZ30,1.2717266,0.4594823,27.57032,199.76673,19.5,0.43199562784405615,1.1295309399024667,311.37535,0.7836231353635885,-0.8896172329977271
2018 PV7,1.5941867,0.2964504,13.13825,313.12976,24.2,0.049599734457997334,1.52252521843541,107.03832,-0.4478095927820139,1.4612231372317295
2006 AD,1.0483652,0.4898853,54.98749,120.3746,16.8,1.4978880340791203,0.9139510440674039,55.6493,0.536611313865571,0.785149443585941
1999 RJ27,1.4788006,0.3524719,25.78006,170.2994,19.4,0.4523549545486838,1.3838947229541598,44.78617,1.014462857221121,1.006918949412877
2016 RS33,2.2082056,0.4971793,7.5984,127.47101,21.9,0.14304719672357855,1.9159447801701048,309.11399,1.2729385393058932,-1.5655693259932795
2005 RN33,1.7336964,0.2565356,7.19142,100.68331,19.6,0.41255262178474905,1.6756778730298472,324.96621,1.4033778089076823,-0.9838896508370708
2014 SS143,1.48544,0.4578894,1.72656,174.58723,27.0,0.01366090123221672,1.320569775656347,163.32633,-1.4076955934661022,0.42162388848233434
2016 OX,2.2524353,0.5352224,3.05011,155.66992,23.7,0.06244236612741559,1.9026572866979452,283.0823,0.43386288866717004,-1.8670272320578183
2014 HK2,2.430849,0.530893,13.44006,74.30427,20.4,0.28541668088449595,2.059995906988298,96.9917,-0.25127939545663097,2.0489602294304765
2006 CV9,2.7285625,0.5279787,19.56591,116.54504,19.1,0.5193729792671287,2.3172524742381304,336.14641,2.4201772425949457,-1.0701304512476357
2004 XN44,2.4292389,0.5755866,2.76459,178.1934,18.5,0.6846669297430096,1.9864878356188291,320.0771,1.697822119864652,-1.4207530200787009
2015 VY105,2.7024639,0.7086107,8.73564,52.12271,29.0,0.005438502736768578,1.9068576006784712,271.02054,0.03396544343639905,-1.9067069884642187
2009 JF1,1.892852,0.7382031,6.15457,45.59224,27.1,0.013046059395138053,1.2768773056565146,281.03871,0.2469659014751833,-1.2659623990330557
2013 GW68,1.0376309,0.335686,14.17118,190.47601,21.8,0.14978880340791204,0.9774212703138943,356.87369,1.0358910045987029,-0.056578935655594666
2009 WQ6,0.8665479,0.408661,5.81659,55.55751,29.2,0.0049599734457997325,0.7908863514639113,341.26051,0.8122506899877419,-0.2755558033336723
2009 BP58,1.4448232,0.5551507,12.57542,83.60486,18.7,0.6244236612741558,1.2017313820041553,245.83246,-0.5052183998529917,-1.1258674083221596
2018 PF21,1.9969727,0.361186,26.39282,124.69422,21.9,0.14304719672357855,1.8621646469199111,65.17739,0.7909007341901573,1.7098936033773986
2015 RL2,1.8205102,0.3361729,8.90062,160.86284,23.6,0.06538518417986329,1.7145570295348767,175.5889,-1.8144339732705461,0.1399666849491295
2003 FJ8,1.8138039,0.5133886,1.56576,11.13182,26.7,0.015684813222680873,1.5565271488067767,224.54335,-1.192031408545416,-1.1731801642854474
2018 VT5,1.4564039,0.3947534,2.7055,43.66103,28.5,0.006846669297430096,1.3381251300250907,119.76908,-0.6775276399004125,1.1845117366597857
2000 RJ60,1.8316965,0.3246586,35.30932,324.37252,18.6,0.6538518417986329,1.7324758289180633,161.07613,-1.7220566552954264,0.5903934132266981
2017 FH101,1.7865007,0.4594935,9.24941,199.47407,22.5,0.1085123956052948,1.586736214262979,289.64932,0.54004498230425,-1.5125013200983692
2012 BB2,1.6695433,0.2877142,16.92902,114.39358,20.7,0.24858753701650987,1.598948856225504,153.16437,-1.4762285557936103,0.7468493141240491
2015 XK1,1.6345888,0.5346605,6.45041,189.30933,19.9,0.35931831251543855,1.3813369714855788,183.94958,-1.6291605155307078,-0.11248142592900212
2018 NH2,1.7407125,0.4015961,11.52829,283.56621,23.1,0.08231506991887196,1.5941739047655892,136.28454,-1.204078492406138,1.1512641511653738
2018 BC,1.0482969,0.0696897,2.86501,297.23134,29.4,0.004523549545486838,1.045748193871187,38.10145,0.8241597885996661,0.6462575017555781
2016 UM41,2.6102543,0.5335503,9.75755,248.76332,19.8,0.3762524628723901,2.207670434597451,185.02503,-2.5962613309467244,-0.2282863512828255
2014 SK142,2.3079782,0.4372528,7.80106,178.39476,19.7,0.39398469514814133,2.0756539748897973,141.61836,-1.7320088685120947,1.3718698772936
2017 MF7,2.0783812,0.5506012,7.15765,86.18749,25.9,0.022671452828784543,1.7349669948752309,233.5714,-1.0901765789993096,-1.4771352689619075
2014 WS202,2.6438646,0.5744356,20.12952,244.14216,23.0,0.08619445964685658,2.1641347852498813,9.90683,2.5856633476149673,0.4515881164785321
2001 UX16,1.4170324,0.3683079,10.61831,213.43097,21.9,0.14304719672357855,1.317420509933135,93.89684,-0.08956030800558352,1.3147866032845905
1997 XS2,2.66376,0.5188816,19.38768,74.82613,19.4,0.4523549545486838,2.2771048948501877,328.15165,2.1548915293664725,-1.3386081828021617
2003 WU153,1.8636026,0.3105839,27.33096,74.0312,19.1,0.5193729792671287,1.7714399410895139,33.76024,1.524417466202464,1.0189773169625165
2016 WB10,1.4073187,0.6751814,13.94888,342.54403,20.7,0.24858753701650987,1.0381110759313938,200.15047,-1.2600251249682164,-0.46236267548451493
2009 KV21,2.3764171,0.579017,7.2509,76.38974,24.6,0.04125526217847486,1.9375296220185108,243.68317,-0.8887544692339242,-1.7969289778347044
2013 FC8,1.9523116,0.5187045,17.32588,5.25132,22.7,0.09896448099650541,1.669135811933231,69.20108,0.6030090217229975,1.5875225957320165
2017 UD,1.1358986,0.41155,16.47478,22.19555,25.6,0.026030310669964644,1.0352434253294227,146.20784,-0.9155663566328288,0.6127368453492119
2015 BL,1.7298573,0.3932465,3.24493,284.64567,23.3,0.0750722360083508,1.5904880268417594,303.24074,0.8928289574458916,-1.3622705803929953
2018 VT7,0.983354,0.0880638,2.54227,53.90336,27.9,0.00902566793800449,0.9795335087510335,59.24561,0.5014018635704565,0.842633823918187
2016 RP17,2.3363618,0.7100947,3.26287,355.38897,24.5,0.04319956278440562,1.6450467892594394,279.26397,0.2665723668044539,-1.6343039592870938
2015 JG2,1.2412137,0.4752538,20.72379,217.71061,23.3,0.0750722360083508,1.0920803243386834,359.27285,1.2410845833832511,-0.015751650768358324
2008 UV5,2.5379736,0.5958607,3.48479,40.41957,26.1,0.020676610723797662,2.038215653348591,220.40716,-1.7415994376903814,-1.4825926212720968
2018 VH10,1.9295572,0.5784288,7.09042,60.48736,25.1,0.03277021957931538,1.5740032422031391,44.016,1.244740933193015,1.2027042786672184
2015 JF,1.7147196,0.4233953,1.82398,224.6248,26.3,0.018857293101246106,1.5534417208101226,261.18246,-0.23862763349998795,-1.5383256693428577
2016 DP2,0.8582638,0.2891238,5.78858,160.07079,25.9,0.022671452828784543,0.8216088253229332,115.97322,-0.3627441244246518,0.7446187940623317
2014 UG56,1.4389382,0.4522985,29.77125,25.19549,25.2,0.031295316740540716,1.2833409480383886,252.58032,-0.3877630148702666,-1.2358655273307322
2002 XS90,0.8097417,0.2418781,34.09494,81.66516,22.8,0.09451034563112186,0.785697751997093,351.04405,0.7992679808139881,-0.125961782240345
2017 SR32,1.9362725,0.4452559,34.15425,136.11024,19.4,0.4523549545486838,1.733744909312659,174.61836,-1.9256444047395485,0.18140443609630147
2014 KT86,1.1870034,0.1676612,22.46056,69.07377,20.5,0.27257081417153944,1.1702009803676665,208.37007,-1.0410469530800293,-0.5621893792245359
2005 MD,1.7592854,0.607353,20.73302,188.94154,18.7,0.6244236612741558,1.3976327636858483,288.00761,0.4398922567750615,-1.3532375587139396
2010 WQ7,2.3712288,0.5555594,13.60939,98.76348,18.2,0.7861028149035884,1.9716218546588282,78.47736,0.3962894157939295,1.9438927129528276
2001 SW269,1.1222923,0.5542174,24.46499,191.24533,19.5,0.43199562784405615,0.9341646372257308,33.62561,0.8768020490355043,0.5831109682162968
2019 AN12,2.2306182,0.7026304,0.27303,244.14046,25.4,0.028541668088449594,1.587207537957569,14.21939,2.1013465321996625,0.5324791513093923
2015 GR,1.3921185,0.2102871,26.05695,195.00664,22.8,0.09451034563112186,1.3609902789263706,183.79866,-1.3889190236390165,-0.09221927328913694
2017 QH2,2.4145375,0.5343639,0.30326,311.09714,25.7,0.024858753701650936,2.040898762431156,166.82203,-2.3269114430634805,0.5448283293489917
2014 OR392,2.2668011,0.5462116,6.11621,128.5088,25.8,0.023739925482809593,1.8987796706280498,136.3728,-1.4963414370776016,1.4263018514931518
2015 XX169,1.0031549,0.1848239,7.60166,256.47576,27.4,0.011362642725569702,0.9858722013542519,52.73764,0.6006847156151126,0.7895869225410469
2014 QH32,1.4934985,0.2809934,13.69314,149.94711,24.4,0.04523549545486838,1.4333249980720058,218.78205,-1.145135533935972,-0.920122083683721
2016 WR3,2.2836633,0.4791269,21.03545,234.06994,22.0,0.1366090123221672,2.004475511512086,236.44074,-1.14911102889588,-1.7322220556155579
2017 UF8,2.3665513,0.5977159,3.05918,240.40346,24.8,0.03762524628723898,1.8972830884010417,159.52957,-2.145383193272689,0.8008641539671427
1989 OB,2.706512,0.5531832,7.84485,287.67616,16.4,1.800857510412324,2.2546858854762903,236.35496,-1.3123582979029051,-1.9718933048965164
2009 UN1,2.418968,0.5601276,1.49211,1.72713,25.3,0.02988679546440889,2.003888438503643,188.38352,-2.381575133149157,-0.35098049815331367
2007 UO6,2.2745073,0.5972762,2.39054,23.51904,27.3,0.011898147579246907,1.8242358798734661,137.85569,-1.5085909973978393,1.3652372460340179
2018 GN4,1.399764,0.4508245,11.75946,20.88714,22.6,0.10362853329448146,1.2494469963802206,269.81285,-0.004081170464589533,-1.2494416857190331
2011 DY4,2.0215696,0.7722553,6.07732,321.57703,22.0,0.1366090123221672,1.284328084833408,321.8863,1.2722727914603034,-0.9980806366529218
2009 WB,1.6644722,0.3937719,12.43868,57.25099,24.2,0.049599734457997334,1.5299964730227145,149.77239,-1.4058362392213006,0.8191234165383007
2016 VN1,1.0581079,0.3855741,26.29844,222.57093,25.8,0.023739925482809593,0.9762916892943544,34.59603,0.8474799620023127,0.5845506024631247
2011 QP96,2.8449201,0.6305485,6.92673,129.40139,18.7,0.6244236612741558,2.2080843079472996,180.57654,-2.8446810233759128,-0.028625629465388755
2014 QN390,1.7917004,0.3234261,16.13419,165.14505,23.6,0.06538518417986329,1.6954026528685615,328.05301,1.4960555290987365,-0.9329157539991124
2004 HT38,1.7323415,0.3759195,13.1042,40.07363,23.6,0.06538518417986329,1.6052782768853753,218.22729,-1.3199113603522294,-1.0396861809618292
2011 CG22,2.1950461,0.5283306,8.4528,333.50453,20.1,0.32770219579315385,1.863679168629687,144.93915,-1.6918937600759474,1.1873565823088483
2015 BD92,2.2464214,0.4957272,23.79483,300.44409,19.2,0.4959973445799733,1.950968219943961,117.82767,-0.9361499140067212,1.7734897565990615
2008 YY32,2.0936391,0.550354,6.06473,283.94654,25.2,0.031295316740540716,1.748045064951138,138.03289,-1.4244418692682295,1.2810933802066047
2018 XR4,1.1448215,0.3579928,10.23778,84.4541,26.8,0.014978880340791204,1.0689477068861475,56.42961,0.60301964321975,0.9086359311974179
2014 HS4,1.7794676,0.4105145,4.93192,213.55594,26.1,0.020676610723797662,1.6226147737996954,42.65657,1.2517246012186252,1.1533027263482187
2008 NQ3,2.4580899,0.5780739,27.14956,109.31243,20.3,0.29886795464408883,2.0057630499965806,296.36995,0.9217934752799326,-1.8593888895698483
2001 FR85,0.9828996,0.0279532,5.24519,183.04897,24.8,0.03762524628723898,0.9825155152282072,326.0797,0.8155251692388489,-0.5484296838740693
2018 GM1,1.8272565,0.6543735,2.56697,115.86157,24.7,0.039398469514814086,1.3817192704696202,174.52038,-1.8127275422245317,0.17389507003253946
2006 UF63,2.2816965,0.4856677,23.84116,46.36002,20.2,0.3129531674054072,1.994530199143237,241.72172,-0.9709685273380186,-1.804923062448008
2001 LF,1.6034881,0.2710512,16.39627,267.28485,17.9,0.9025667938004488,1.5434614128251856,304.66564,0.8885227489837453,-1.2848354098597035
2018 VH3,2.4336363,0.577724,12.66096,228.27554,24.3,0.047367378676019346,1.9864122746355581,50.13393,1.370733143383566,1.6413526713317286
2013 TS5,1.108407,0.4881727,54.30846,195.58192,19.2,0.4959973445799733,0.9673589405231573,177.32023,-1.1068164755326118,0.05180448250665265
2010 XR10,1.6053613,0.3334872,8.76695,239.41562,23.6,0.06538518417986329,1.5134617941830517,19.21715,1.5057353051653297,0.52485792217778
2015 BT516,1.5597695,0.2739157,12.75292,320.22413,23.9,0.056948114743233316,1.5001140957431376,50.47468,0.9695469117184419,1.1750960386167149
2017 ER2,2.3888161,0.5331061,9.59698,351.71703,24.9,0.03593183125154382,2.021054026593823,211.85945,-1.9252368782937195,-1.1964647934763808
2014 SJ143,1.331029,0.0933476,18.57375,178.73737,21.9,0.14304719672357855,1.3252171683208152,247.01487,-0.517831127860087,-1.2208145054842188
2018 TN2,2.5663428,0.5388812,42.04158,187.03424,22.3,0.11898147579246932,2.1618403992143937,54.59859,1.3182359574627402,1.8548415207044928
2008 YQ2,1.0344275,0.2554249,23.30263,91.83153,24.8,0.03762524628723898,1.0001144011976655,229.27099,-0.6618126768727153,-0.768640670106465
2014 YJ14,2.1997884,0.8215055,29.31028,305.23135,18.3,0.750722360083508,1.254320644776963,135.68083,-1.1092343544201737,1.0831812560773424
2005 TP15,1.3468733,0.2821042,14.94237,187.06895,25.2,0.031295316740540716,1.2921683858126933,264.56936,-0.1223353234129754,-1.286827197550854
1992 AA,1.9804158,0.3911923,8.3045,102.65041,16.8,1.4978880340791203,1.8225944080247687,284.82839,0.46880244614647315,-1.7707928264649422
2007 TE71,1.2438541,0.1874967,7.45095,200.49888,24.3,0.047367378676019346,1.221794637056014,161.98085,-1.180790401029105,0.3840984270158983
2011 JM5,0.8736268,0.2823049,1.55122,52.15125,26.3,0.018857293101246106,0.838091796692838,30.29172,0.7461739862685012,0.43588423122242576
2017 BK30,2.6122635,0.6326064,1.18958,140.74936,27.3,0.011898147579246907,2.0231287553827224,184.34109,-2.599804738072595,-0.19735540758060632
2015 PL307,1.6014876,0.4845157,5.18686,128.85519,25.7,0.024858753701650936,1.4009534309332092,325.78643,1.264446539415299,-0.8597548374918764
2017 TH2,1.3041281,0.2448778,3.52989,198.14819,28.8,0.005963199670531786,1.2644225514051994,28.57777,1.1369765195401713,0.6193275795929832
2017 TZ5,0.797121,0.397853,2.23988,24.62289,26.8,0.014978880340791204,0.7313180045562295,171.96411,-0.787847494596436,0.11122804311159121
2018 CZ,1.7618862,0.4092066,13.20816,141.84027,25.1,0.03277021957931538,1.6076185386096038,176.76836,-1.758522518099724,0.09929083313760069
2010 TM54,1.6193898,0.2763101,17.54048,197.38587,23.9,0.056948114743233316,1.556344582402715,72.46515,0.4705378992615796,1.4891965222827606
2008 DH23,1.6555698,0.2588999,28.32551,1.25514,19.8,0.3762524628723901,1.599121753112149,140.27435,-1.2550390374549099,1.0429029502087803
2011 YW1,1.8102125,0.3267425,34.96502,88.73412,19.7,0.39398469514814133,1.710856090438709,3.44099,1.8065600651278035,0.10862649356506954
2018 SD1,1.0969356,0.4336485,18.06804,177.27805,24.6,0.04125526217847486,0.9884290507558405,245.98833,-0.4086265726978256,-0.9172874461658521
2008 JW19,1.6800654,0.628898,17.37464,56.47062,20.8,0.23739925482809593,1.3062303802768178,332.31076,1.3925466203375465,-0.7307697529848246
2015 SV6,1.8558185,0.6421261,5.07295,358.32601,27.7,0.009896448099650543,1.4226686606268277,132.16596,-1.058382063723097,1.168627284170296
2017 TH5,1.9764345,0.5580945,4.44987,202.80835,28.4,0.007169342880402656,1.6400006753436742,184.8805,-1.9660524189157593,-0.1678761262988269
2011 WQ4,1.8065685,0.4708104,0.19366,207.97829,27.4,0.011362642725569702,1.5938169080975748,12.19235,1.7547103069817633,0.3791365674654719
2014 HT4,2.0463298,0.4909526,5.05875,200.68426,23.7,0.06244236612741559,1.7827344579688715,264.9462,-0.15719014788719785,-1.7774670357990883
2010 GE35,2.2234421,0.6171546,5.4021,34.30992,23.0,0.08619445964685658,1.7494974405592025,246.27063,-0.7267986788801144,-1.6533903104925713
2018 PW23,2.3305692,0.4517328,4.15761,279.80251,22.6,0.10362853329448146,2.079224959167889,65.9827,0.8609476683139502,1.932149835803641
2007 EE126,3.440286,0.8999111,8.43943,168.30021,25.6,0.026030310669964644,1.500217220523583,327.71834,1.9543796998475442,-1.2346321413381975
2002 KG4,2.9373247,0.6637359,27.65406,64.48765,20.9,0.22671452828784544,2.1970219870085153,133.93235,-1.7172320222794333,1.7824527239489478
2009 QD34,2.4314362,0.4947847,6.40492,98.44366,18.0,0.8619445964685667,2.1129559708611825,198.45831,-2.2697641606599137,-0.7576164708368447
2006 SZ217,1.6729684,0.2853673,29.22351,241.37817,17.4,1.1362642725569714,1.6034034132054125,304.77512,0.9268716450027117,-1.3348299912217942
2016 UX5,1.2472742,0.2606535,2.65329,205.97247,26.5,0.01719805570924787,1.2041589463062674,249.76005,-0.41828585838701116,-1.1344261730585534
2014 KX99,2.797861,0.5896151,13.56322,288.30707,18.2,0.7861028149035884,2.2597885858127573,19.97651,2.5513728109196188,0.9274393610551993
2008 DB,1.0546606,0.2331245,4.22413,141.54333,25.7,0.024858753701650936,1.0256014278661956,184.63726,-1.0510107998940923,-0.08525026423889473
2018 CA14,0.9466197,0.1556908,10.62005,319.95804,24.4,0.04523549545486838,0.935076466604854,288.09729,0.2908044630892125,-0.8898598995037639
2005 AK3,2.1532374,0.5796367,1.56459,292.98296,24.4,0.04523549545486838,1.7546193664739886,173.05912,-2.1296037418924785,0.25925220643410635
2014 PT59,2.3371243,0.4945635,9.05244,143.58809,20.2,0.3129531674054072,2.0312917163539206,114.2514,-0.8521011908255464,1.891471081562208
2014 SL1,1.1329265,0.0674767,10.16213,354.90742,26.0,0.021651069365823925,1.1303443908130162,253.75176,-0.3163262043477667,-1.0853901456621027
2016 JT38,2.4995556,0.6803619,0.94684,236.149,20.2,0.3129531674054072,1.8318650835215542,246.91412,-0.7453045053928856,-1.7485358871873107
2001 DT8,2.2684535,0.4672131,48.53643,315.29788,19.5,0.43199562784405615,2.0056412272896194,116.40076,-0.9116928497912498,1.8365321691102203
2013 CX10,1.176257,0.1966767,23.62766,135.35413,23.8,0.05963199670531786,1.1532828141471314,29.16466,1.0222617826337987,0.5704956090386115
2008 JO14,2.0049016,0.7959232,4.97096,117.03886,21.1,0.2067661072379766,1.213762626175443,331.36848,1.4889178360391948,-0.8128472571943449
1991 JG1,1.374026,0.1846138,33.87855,226.4067,18.3,0.750722360083508,1.3504080650009471,156.5971,-1.2574959302739628,0.5442426495634911
2016 RT1,0.9602574,0.1113659,30.57521,343.8134,21.9,0.14304719672357855,0.9542840906751069,155.56043,-0.8732784410802881,0.39686410969329333
2000 AE205,1.1645722,0.1376907,4.45935,271.63027,23.0,0.08619445964685658,1.153479970491614,166.50302,-1.1318137360135128,0.27166134286221993
2012 FY23,2.413844,0.5812536,17.30158,204.47994,20.0,0.34314632447397714,1.9641990934265174,305.72091,1.2191188332822487,-1.6952774699783562
2005 OW,2.6789962,0.5953132,1.6194,270.23338,20.9,0.22671452828784544,2.152556682329644,48.35008,1.5576288614100071,1.751323863848499
2011 EC7,2.2917811,0.7502621,6.25531,155.22257,21.3,0.1885729310124611,1.5151893379849874,97.20886,-0.19098434212261403,1.5099189553808108
2008 JC,1.0452857,0.4632212,2.50166,47.89775,26.5,0.01719805570924787,0.9263768190150102,161.4741,-0.9777278774479283,0.3276346988859884
2017 UC1,1.1732419,0.2486922,18.80901,24.30333,22.3,0.11898147579246932,1.136381651554847,172.51992,-1.1626085446950345,0.15264912798624233
2018 XQ4,2.2360853,0.4871692,4.8587,145.06373,20.2,0.3129531674054072,1.952790294872408,22.15674,2.0265975926555697,0.8252547379502919
2015 PT227,2.3987817,0.5869904,1.40726,28.75092,23.9,0.056948114743233316,1.9420390130711986,348.99418,2.332425044212399,-0.4536233812859907
2002 KL6,2.3061925,0.5487903,3.24626,213.2874,17.5,1.0851239560529478,1.927884799581993,281.18337,0.3760487204170739,-1.9020821531553915
2012 FU23,1.5045498,0.5904643,5.44354,181.17293,27.6,0.010362853329448146,1.2142676165701902,274.4384,0.09406707825030419,-1.2118920258129595
2007 WD5,2.4828797,0.5946877,2.41536,67.89248,24.3,0.047367378676019346,1.9961280233420935,341.55138,2.2932876159812428,-0.7650372476984556
2004 XY60,0.6402674,0.7967196,23.77012,122.61507,18.9,0.5694811474323337,0.3869450504184455,233.19054,-0.263842253462068,-0.352563844526684
2012 SM8,1.5382239,0.3385221,4.68716,176.93886,26.3,0.018857293101246106,1.4474047629530185,151.93461,-1.3383105990746695,0.71355274492694
2014 JN25,1.3097686,0.2229446,5.67055,220.69322,26.6,0.016424015696315356,1.2768031864489024,86.68097,0.07392745685620022,1.274767726051913
2016 GL134,2.1178001,0.4971026,2.23396,133.60529,24.4,0.04523549545486838,1.8375977140381694,8.05028,2.0902138789201548,0.2956311348830649
2018 XO4,1.2760322,0.2431368,3.12644,297.92016,25.3,0.02988679546440889,1.237741036543878,72.24475,0.3784928779135965,1.1820383734224769
2000 SE8,2.4767713,0.5962365,0.64983,99.11559,23.0,0.08619445964685658,1.9883738981325008,279.5057,0.3299749861884674,-1.9706484026335658
2016 FB4,1.1514696,0.355616,32.93933,355.47872,22.0,0.1366090123221672,1.0762005108215595,87.34803,0.04980155295796193,1.0751934695806156
2002 JQ100,1.1806861,0.518941,29.60128,47.33968,19.8,0.3762524628723901,1.0092623558729086,164.64183,-1.124085112461168,0.3087418763591762
2004 YY23,3.9564635,0.7083617,28.60168,275.98845,19.4,0.4523549545486838,2.7926683026337598,299.42851,1.463652255538381,-2.594544778957478
2015 VY1,2.9974284,0.5690814,19.94847,57.04511,20.7,0.24858753701650987,2.4647290003424054,236.64972,-1.4266149664885177,-2.167665913130923
2011 SD173,1.652789,0.4976557,4.38911,203.17415,19.5,0.43199562784405615,1.4335873002112582,274.97253,0.12437641280568837,-1.4295223846328182
1999 RO36,2.3822749,0.48585,3.30009,168.09331,20.7,0.24858753701650987,2.082208808391087,113.8139,-0.8573869008253662,1.9426797588564904
2018 VZ4,1.7220877,0.4315555,1.80441,71.61935,26.9,0.014304719672357854,1.5534718721623673,84.33069,0.15360207383650884,1.5472799796944863
2014 HE184,1.6402002,0.3163016,15.95138,229.81104,23.9,0.056948114743233316,1.5559901624581332,175.11547,-1.6335853263294888,0.13960336151374106
2018 ER3,2.0205641,0.4847851,5.23549,147.87957,25.6,0.026030310669964644,1.7672526435824962,132.19767,-1.2554714227425718,1.3847052260937869
1999 KW4,0.6421954,0.6887199,38.88259,244.90962,16.5,1.7198055709247886,0.46560933581995745,68.08651,0.1798095046929573,0.4469860635401183
2017 VF13,1.5574385,0.320444,15.32103,61.85548,23.8,0.05963199670531786,1.4753108137186342,298.95725,0.7230366786420297,-1.3066910484026686
2009 DC1,0.8732314,0.2763449,8.78241,329.61375,24.0,0.05438502736768578,0.8392264847971125,297.6289,0.3924211331031036,-0.7497111156030367
2005 BY2,1.2688403,0.3304407,7.29118,74.47593,20.5,0.27257081417153944,1.1975654231838304,301.52545,0.6357409629449752,-1.0364013439395237
2014 KZ45,1.5287547,0.4063816,13.76239,121.6386,20.3,0.29886795464408883,1.396828444128733,149.22141,-1.2806808501677278,0.7627905340156472
2005 QB5,1.1217625,0.2515593,13.65263,149.95192,23.7,0.06244236612741559,1.0856887349697055,241.14823,-0.5277970002664658,-0.958007737185779
2013 HL11,1.3621948,0.2280324,32.68846,31.94591,23.3,0.0750722360083508,1.3263057952025261,238.49374,-0.6980909353065781,-1.1389015415193409
2008 YE29,2.8137623,0.6166999,6.21934,135.7949,20.4,0.28541668088449595,2.214989023941239,57.62969,1.2563366633361812,1.9819391485260116
2014 AG51,1.8745823,0.5909855,0.09282,144.33969,29.9,0.003593183125154382,1.5121921354938308,38.31406,1.3391806659959116,1.058154857879422
2017 SL16,1.000325,0.1531721,8.68305,182.58087,25.8,0.023739925482809593,0.9885206931716233,302.73988,0.53646147399877,-0.8343466363386548
2012 CA53,1.2656038,0.1926768,10.80559,321.86337,25.7,0.024858753701650936,1.2418892630071396,51.69442,0.7753414126740668,0.9815559575422778
1999 MN,0.6738986,0.665431,2.02222,80.89309,21.4,0.18008575104123223,0.5030379213205454,152.07429,-0.5494641677322402,0.2912420545180862
2004 XA45,1.5435874,0.5005693,34.91921,41.74015,21.0,0.21651069365823924,1.336278161290076,146.60532,-1.2280460397387698,0.8095835756705128
2012 LT7,1.07947,0.7603046,42.25745,111.92199,19.1,0.5193729792671287,0.701187780165051,103.49163,-0.16622540996687976,0.6928245173646592
2016 AD166,1.6510409,0.5689701,5.27628,96.43046,23.6,0.06538518417986329,1.3577470389114197,220.9996,-1.1346471564463856,-0.986319818123783
2012 CT,2.3073927,0.5035094,16.02594,140.09337,21.5,0.17198055709247903,1.9935636366923577,29.87337,1.9214931314796753,1.1037195007335594
2002 EW,1.5632956,0.7877409,6.71478,15.81868,20.7,0.24858753701650987,0.9630005890867153,302.02889,0.5621311064811835,-0.8985892802054865
2016 GR220,2.3923504,0.5389455,3.12628,133.35245,24.2,0.049599734457997334,2.015173958852383,291.71997,0.7610472167818344,-1.9104886501883886
2016 VA4,2.1600878,0.5883581,4.92805,252.17068,22.3,0.11898147579246932,1.7466480451564268,296.32226,0.8022817876890159,-1.6217073387506866
2003 AL18,1.6843043,0.4167359,15.72806,312.97378,17.8,0.9451034563112187,1.5310791066987133,125.69686,-0.9210239801066477,1.2818887376382229
2018 GR5,2.139936,0.4596672,6.43385,21.79089,20.2,0.3129531674054072,1.9004584334463366,82.9826,0.23254743690190996,1.8892036327085175
2016 QM11,2.7819869,0.7204497,19.15124,327.47569,19.2,0.4959973445799733,1.9293279320534822,187.70521,-2.7305091970255493,-0.36943215950802355
2007 JZ2,1.8458314,0.5370828,6.71042,48.57145,25.9,0.022671452828784543,1.5570132910715941,260.0444,-0.2703521812724245,-1.5402219204211585
2015 EN,2.1916763,0.5715815,6.6292,167.14429,26.3,0.018857293101246106,1.7983696864261993,109.3704,-0.6074885854916441,1.7279060421596317
2008 OM,2.4655168,0.5329523,7.45018,299.12608,22.2,0.1245888999915215,2.086185419191855,277.39368,0.2690969174603101,-2.073722389809946
2018 LL5,1.9562392,0.5628484,2.81664,193.06426,22.9,0.09025667938004488,1.6169493630962737,87.55261,0.06906696449303479,1.6159412746219606
2005 RK3,1.2471429,0.185023,3.72422,342.68223,23.7,0.06244236612741559,1.2256099684554354,271.81053,0.038723135764634944,-1.2250190390523823
2018 RJ3,1.3289334,0.3064812,6.09334,165.43942,27.8,0.009451034563112188,1.2649807546995762,175.84267,-1.3250757084122258,0.09631538347411113
2011 DT9,1.1040838,0.0829923,11.59077,338.42031,25.2,0.031295316740540716,1.1002749189772927,18.67862,1.0455597278851034,0.3534676461135827
2013 VX13,1.9590817,0.6257754,6.16391,17.0224,22.1,0.13046059395138054,1.5280901919038745,20.09699,1.7736390820096177,0.648954080609895
2014 KF22,1.4974205,0.4207653,4.94816,68.07648,26.4,0.018008575104123223,1.3584142562776478,220.96134,-1.0818750603774299,-0.939178780944617
2015 GZ45,2.0538128,0.4867045,5.67936,21.80861,19.3,0.47367378676019345,1.794142411726051,68.36367,0.6724417471488818,1.6952526556215823
2018 CD2,2.4038785,0.6914035,7.69169,338.81688,24.7,0.039398469514814086,1.736727270497971,129.84337,-1.2411200637758413,1.4873478187279507
1994 AB1,2.8289761,0.598203,4.55655,66.74427,16.5,1.7198055709247886,2.266984726280315,118.45802,-1.1270090947287876,2.079324222106931
2010 RZ11,2.3368621,0.6341973,1.2796,348.83004,26.6,0.016424015696315356,1.806794595235777,163.83478,-2.18813776518976,0.6342726728270132
2016 LX8,1.3135064,0.3434278,7.50397,205.72989,23.9,0.056948114743233316,1.233617733639028,16.24625,1.2545081723942544,0.36556670566235056
2017 QV1,1.9331652,0.5140768,2.69069,146.0161,26.9,0.014304719672357854,1.6581611602632529,239.63266,-0.8680989735366031,-1.481573187535219
2018 TC3,2.6481803,0.600719,9.305,64.44801,20.0,0.34314632447397714,2.117114870951167,29.29262,2.167711538873562,1.2160958671401652
2005 MW9,3.5874225,0.8877688,55.27479,291.59717,19.2,0.4959973445799733,1.6512534307527211,23.43586,2.611601626337185,1.1320820919608718
2000 SY2,0.8586679,0.6427401,19.22657,162.04272,16.1,2.067661072379766,0.6578120022293507,225.49317,-0.5165205212486912,-0.5254897842219974
2017 MY4,1.3876135,0.1049853,14.53531,255.8589,23.6,0.06538518417986329,1.3799452339263354,49.50423,0.8982151736011295,1.0518320804207226
2010 MP1,0.8551252,0.4873029,22.64259,93.07382,21.4,0.18008575104123223,0.7467235493350848,165.23274,-0.8186395456994243,0.21579353048682398
2001 WH2,2.0415214,0.4266313,15.04048,80.79204,20.1,0.32770219579315385,1.8464042937698875,338.40624,1.8702668472364328,-0.7402554209321603
2014 UG5,1.4437127,0.3530255,6.88471,205.55812,23.9,0.056948114743233316,1.350757381541083,189.86477,-1.419404583670997,-0.24682650570420442
2018 UC,0.9930553,0.3338529,0.22959,123.50405,25.9,0.022671452828784543,0.936078936807605,106.23456,-0.2628472602655861,0.902693504678132
2014 JQ2,1.6080783,0.4159883,15.27781,65.96484,22.3,0.11898147579246932,1.4623381082892382,193.00416,-1.5586015987387272,-0.35995072876029394
2015 LP21,1.9697293,0.4447237,14.42894,263.09316,24.5,0.04319956278440562,1.7642231336887808,138.84823,-1.409797722244635,1.232089933656048
2015 TN145,1.4821598,0.3544765,6.0425,198.03571,24.5,0.04319956278440562,1.3859156398335095,316.53243,1.0408830361388781,-0.9866420199667792
2014 WK7,1.5600095,0.360852,23.91862,233.77443,22.4,0.11362642725569726,1.45490088541682,99.3286,-0.23623868249296612,1.438122024227547
2014 QX33,1.7002671,0.3160804,20.78232,141.15912,20.1,0.32770219579315385,1.6130984989028252,37.07655,1.3299630582001818,1.0049877543312424
2011 GX65,1.3440404,0.286406,22.85558,42.26464,21.6,0.16424015696315358,1.2877363249442657,349.3916,1.3190726925445058,-0.24705790922680507
2000 WO148,1.6416788,0.376627,4.42143,150.18853,20.7,0.24858753701650987,1.5207937723874616,243.06298,-0.6991878262588271,-1.37597033315095
1996 EN,1.506378,0.4303936,37.97292,164.13597,16.3,1.8857293101246126,1.3597190234248857,103.90977,-0.3286313966486166,1.3269674984015725
2016 FY13,0.8990182,0.4599357,1.24196,330.58636,23.9,0.056948114743233316,0.7982852099844567,309.77923,0.5344330367887192,-0.6419194821277551
2000 RN12,2.2884984,0.6171297,16.86874,337.64466,20.0,0.34314632447397714,1.8007311575412528,116.99514,-0.8514683708481684,1.6714512478702321
2005 LW3,1.4314208,0.4620264,6.04787,59.62796,21.6,0.16424015696315358,1.2694786843399044,356.21711,1.4274591070667462,-0.09438358102880784
2014 TK,1.0583832,0.6523685,8.75267,3.43361,24.2,0.049599734457997334,0.8021506732482676,120.27759,-0.42826554077567863,0.7335471328646802
2013 YT102,1.0130092,0.2090017,12.76763,278.35075,25.0,0.034314632447397714,0.990637172632415,356.28763,1.0107867917201,-0.06558379141775939
2018 VS9,1.3166779,0.1922014,4.97599,72.73594,24.6,0.04125526217847486,1.292129101883943,81.33897,0.1946612794252062,1.2779297407827281
2004 VC,1.133345,0.2588447,39.14511,194.17301,18.7,0.6244236612741558,1.094719414331264,64.10344,0.48120110000363087,0.9911459947369274
2017 CH1,2.326107,0.5774419,28.04397,74.4908,17.9,0.9025667938004488,1.8991076795209871,209.57001,-1.9101334841295998,-1.0837847739640272
2009 SW17,2.0135038,0.5988429,8.44052,42.75435,19.9,0.35931831251543855,1.6125477791288285,107.41339,-0.49051841709835775,1.563965232813675
2013 RR9,2.4492485,0.5842133,1.62872,182.80409,24.9,0.03593183125154382,1.9878104750698675,176.47744,-2.4422336792327366,0.1503386518544899
2018 TQ5,2.2554291,0.585634,54.32506,205.46851,21.7,0.15684813222680874,1.8281958164812029,43.6688,1.4598707246738747,1.393562627520311
2012 BK11,1.8802402,0.3892446,2.52015,273.82752,22.7,0.09896448099650541,1.7319539881962693,277.42019,0.22395640439066708,-1.7196242093076215
2007 FS35,1.9225569,0.3899534,0.31942,183.03527,19.5,0.43199562784405615,1.770356898613122,134.34971,-1.286253719268222,1.3157873773915951
2015 AB45,1.6107637,0.3206827,8.50776,132.69583,24.0,0.05438502736768578,1.5256939205458657,35.22734,1.2913887364943042,0.9118977116395192
1995 MA1,2.609162,0.5874557,25.8419,87.65918,17.1,1.3046059395138065,2.1114808530375497,199.44918,-2.3914098460389575,-0.8444562771531335
2018 XU6,1.7772688,0.3570883,6.0194,323.36768,21.8,0.14978880340791204,1.6600945916667953,26.09859,1.5739523772735793,0.7710232843387961
2008 SE,2.3634127,0.4827738,8.62764,216.16653,19.4,0.4523549545486838,2.069747061427056,328.3015,1.9314519179942606,-1.1928191653441804
2011 WK14,1.7923002,0.3935731,3.9517,202.41836,20.6,0.26030310669964696,1.6476496078842544,90.87782,-0.025242862572905065,1.647486185289657
2016 AO131,1.31035,0.2519484,4.4816,126.71072,24.1,0.05193729792671286,1.26807898650486,93.56374,-0.07883206200178591,1.2657820924798275
A918 AA,2.4764877,0.5691159,9.38453,110.42848,13.4,7.169342880402649,2.036310127278546,193.41439,-2.3784565857777773,-0.5672595818469772
1977 VA,1.865196,0.3947991,2.98558,224.49232,19.1,0.5193729792671287,1.713681416784102,102.5362,-0.3733388401516277,1.6790018023133249
1990 SB,2.3965002,0.5447868,18.09714,189.95644,13.8,5.963199670531792,2.0096441720098963,293.00087,0.8036790069608463,-1.8932691603030978
1990 SP,1.354903,0.3875379,13.50654,45.75896,17.1,1.3046059395138065,1.2490224405922499,354.35472,1.3471802594973803,-0.13316715492155562
1990 TG1,2.4375641,0.681063,8.73882,205.04582,14.7,3.939846951481413,1.7848449393660342,241.99379,-0.8845587427154307,-1.6631781384390318
1990 TR,2.1437466,0.4356605,7.905,14.12206,15.4,2.854166808844959,1.9296100345067744,46.85565,1.382312427331287,1.4748813070996365
1992 BL2,1.7064338,0.2386083,38.45851,297.84968,14.3,4.736737867601934,1.6571449848800788,224.18923,-1.2060247460900768,-1.1723668176336521
1992 HE,2.2406775,0.5725541,37.34289,26.95295,13.9,5.694811474323331,1.8370574099178438,2.37129,2.2378248215713734,0.09266936484469276
1992 SK,1.2484412,0.3248243,15.32074,8.91821,17.0,1.366090123221672,1.1807436994314013,111.41919,-0.43426024770383387,1.107010008827241
1993 DQ1,2.0366301,0.4923343,10.0239,313.55392,16.5,1.7198055709247886,1.7726954474804555,247.72358,-0.6840031444057524,-1.669729001811705
1993 EA,1.2709625,0.5851097,5.05467,97.036,16.6,1.6424015696315357,1.0306923182292012,267.15793,-0.05112648186472917,-1.0298580586808341
1993 QA,1.4757578,0.3150944,12.60694,146.62748,18.3,0.750722360083508,1.4005831917501192,355.30738,1.4702687166848178,-0.12068743574782877
1993 UB,2.2764917,0.4613547,24.97864,31.30061,16.7,1.5684813222680876,2.0197393599293507,142.93297,-1.7333366115153512,1.3093449360537543
1994 CC,1.6376688,0.41702,4.68135,268.54773,17.7,0.9896448099650541,1.4884727665177377,243.19107,-0.6835247714499189,-1.3526251736826047
1994 CN2,1.5730584,0.3947869,1.4392,99.33781,16.7,1.5684813222680876,1.4452831385281613,60.97083,0.714565448691773,1.2875638191748582
1995 QN3,3.2994821,0.6453981,14.79518,185.74558,16.8,1.4978880340791203,2.520297458558674,2.53581,3.2939503057219595,0.1458796841668414
1996 DH,1.5868942,0.2765749,17.23161,309.29244,16.6,1.6424015696315357,1.5249932095210952,76.00605,0.3696005567898563,1.4830539785356212
1996 TO5,2.3770729,0.5206798,20.95138,167.38384,16.1,2.067661072379766,2.0294308376981003,29.01119,1.9934409980590646,1.1054913905943022
1996 XB27,1.188883,0.0578933,2.46453,179.41234,21.7,0.15684813222680874,1.186888977336716,291.66032,0.4381845734990733,-1.1033327952196443
1997 UF9,1.4424762,0.6039742,25.90924,37.17816,16.1,2.067661072379766,1.1496591110132293,37.72567,1.035066354964859,0.8007311989597368
1998 BP26,1.7230891,0.2569957,20.22016,331.04314,17.2,1.2458889999152165,1.6652149251101314,133.57174,-1.1662121646405177,1.2258535491810425
1998 BX7,2.6038109,0.5025627,8.95818,144.92234,16.3,1.8857293101246126,2.2511006647237486,48.33111,1.5878376830947998,1.7840993616163536
1998 CS1,1.4915296,0.5782688,7.78974,110.78316,17.6,1.0362853329448145,1.2168589143881519,202.52143,-1.3296492830225306,-0.5513415041206771
1998 HL49,1.7472531,0.6365029,10.99762,206.17656,17.3,1.1898147579246918,1.347611425728758,114.86704,-0.588148673623931,1.2689688162030934
1998 JH2,2.134504,0.4412983,6.62543,51.11354,16.2,1.9746009945278102,1.9154195094439095,171.76284,-2.107259512149366,0.30505593847285384
1998 RO1,0.990949,0.7200289,22.6778,351.87109,18.1,0.8231506991887187,0.6876631899883158,228.461,-0.5189911888966868,-0.5858088591655474
1998 SG36,1.6459654,0.337634,24.83795,186.59755,15.9,2.2671452828784515,1.5493101531152418,48.54308,1.0523597101018447,1.19127994432104
1998 WC2,2.552544,0.5615299,26.60679,208.45961,18.5,0.6846669297430096,2.1121189886256593,349.35409,2.4891240525681444,-0.4678915551628391
1998 WT,1.2189785,0.569922,3.20411,307.41073,17.7,0.9896448099650541,1.0016331677047932,140.65273,-0.8629081233945417,0.7074717630517325
1998 WT7,1.1520225,0.1100333,40.69976,248.27401,19.0,0.5438502736768585,1.145027305622345,145.84246,-0.9514587783266379,0.6455804906196051
1999 FN19,1.6474177,0.3914292,2.2563,190.09374,22.5,0.1085123956052948,1.515967321157709,165.05784,-1.582224687198133,0.4222443585568703
1999 FQ5,1.4947635,0.1611224,25.84384,172.82777,17.7,0.9896448099650541,1.4752335652039632,153.26577,-1.3313918133976161,0.670617233169441
1999 GJ2,1.5355701,0.1978781,11.27801,196.21718,16.9,1.4304719672357855,1.5052067131648088,69.26249,0.5342874884248844,1.4111561393016454
1999 JD6,0.8831206,0.6329128,17.05841,130.18364,17.1,1.3046059395138065,0.6837323566418548,123.07331,-0.3975883037730619,0.6105206998463235
1999 JM8,2.7259793,0.6414392,13.83472,133.62266,15.2,3.1295316740540717,2.0913000995898736,150.36305,-2.189585178955526,1.2457259394402422
1999 JT3,2.1698652,0.401097,9.33302,64.85319,16.1,2.067661072379766,1.9876737421224793,49.81511,1.3277994528886405,1.5720792332244722
1999 KX4,1.4570993,0.2925783,16.57086,104.93546,16.9,1.4304719672357855,1.3933389208859648,171.33634,-1.4389457625877462,0.21925570830310082
1999 NC43,1.7594575,0.5794373,7.1248,311.74457,15.9,2.2671452828784515,1.4339874549407206,93.15309,-0.07891517820977548,1.4325443515055356
1999 OW3,2.0921406,0.7800691,34.94779,196.14709,14.7,3.939846951481413,1.3090385124974995,255.32407,-0.3383198722699112,-1.291809389402186
1999 RD32,2.6446613,0.7697468,6.79541,309.97075,16.3,1.8857293101246126,1.688217762258251,226.41833,-1.3731153691852642,-1.4428371888143172
1999 TL12,1.0815491,0.4365194,17.33693,202.34129,19.1,0.5193729792671287,0.9730641494660883,328.67286,0.8958100455106182,-0.5452424060339058
1999 TX16,1.5512424,0.3323471,38.22371,54.66506,16.2,1.9746009945278102,1.4630653572634527,68.23817,0.5465955380057733,1.3692310653423794
1999 VL12,1.5937806,0.2362793,20.18421,234.41446,17.2,1.2458889999152165,1.5486529919469827,3.94448,1.58978281958495,0.10962050557100202
1999 VS6,1.1977665,0.2231014,27.97233,35.31088,19.0,0.5438502736768585,1.1675770861437542,245.07489,-0.49424531330233457,-1.0635396533535113
1999 YT,1.7762659,0.3521263,31.58418,116.42794,16.9,1.4304719672357855,1.6625004970468467,101.46194,-0.33117880210827816,1.6333486994147552
2000 CN101,1.59807,0.6348822,15.97224,183.39205,14.6,4.1255262178474945,1.2346831873151713,49.97874,0.8697837325786524,1.0357871148248452
2000 DN8,1.8754301,0.398783,36.94163,135.21815,15.9,2.2671452828784515,1.7198543961687134,247.43872,-0.6677206189261801,-1.6071561937327516
2000 EA107,0.9297584,0.4557259,28.57906,52.89694,16.1,2.067661072379766,0.8275966982922863,298.50175,0.4046001465892061,-0.7451264965492488
2000 EU70,2.2172065,0.767227,13.01607,165.32575,18.8,0.5963199670531791,1.4220622705929744,305.8769,0.9330269320775552,-1.2900208122821413
2000 FK10,1.3590376,0.4815772,13.94233,41.68667,19.2,0.4959973445799733,1.1910655462399484,322.42791,1.0213494699354682,-0.7857526937637862
2000 FO10,0.859351,0.5946277,14.28889,208.34226,17.6,1.0362853329448145,0.6909192185425845,140.01525,-0.5947046884381577,0.49874680787733505
2000 GJ147,1.1621478,0.2366618,25.00722,57.87142,19.6,0.41255262178474905,1.129133611727072,0.75481,1.1620409723149965,0.01530952016575456
2000 GP82,1.3962719,0.3934307,13.22973,114.88145,17.7,0.9896448099650541,1.283668541342457,267.86607,-0.04780316302627172,-1.2829160119073972
2000 HZ23,1.5755872,0.2113492,15.10763,64.0679,19.9,0.35931831251543855,1.539995658445945,188.43693,-1.5577523774079456,-0.23105489916725921
2000 JQ3,2.4639766,0.4856501,7.7691,54.70973,18.2,0.7861028149035884,2.1538932597617015,309.20303,1.4304740592261262,-1.7537451193600468
2000 KL33,2.1126995,0.4301258,6.92194,134.06686,19.7,0.39398469514814133,1.907279531618454,38.88443,1.575590058829106,1.27063412920863
2000 NG11,1.8808657,0.3677978,0.80794,59.53178,17.0,1.366090123221672,1.7490279046824877,73.308,0.5051945733015437,1.684755830128562
2000 PH6,2.6859691,0.5185378,10.50086,152.32905,17.8,0.9451034563112187,2.296650518683313,71.94122,0.7213243628760341,2.2122830205253976
2000 PJ6,1.3010692,0.3460611,14.69216,332.88881,18.3,0.750722360083508,1.2206787072337064,318.20722,0.9419824345392842,-0.8420159303133266
2000 QJ1,1.5902002,0.5122591,7.69209,191.46734,16.4,1.800857510412324,1.3657131612222224,229.75993,-0.9349118000776903,-1.1047506197003836
2000 RJ34,2.6378721,0.5740715,13.85589,331.27767,15.7,2.485875370165096,2.159903323699093,79.69208,0.3885446615578633,2.1363444933547013
2000 RL77,2.559298,0.5349558,30.17142,194.71769,16.8,1.4978880340791203,2.1622998118425993,184.23215,-2.549537561379051,-0.18866471449075203
2000 RW37,1.2475745,0.25019,13.74638,333.31941,19.9,0.35931831251543855,1.2078975873576403,37.5174,0.9775064232828995,0.7505388119467814
2000 SE45,2.7404984,0.5610926,8.333,302.97672,16.4,1.800857510412324,2.2684558800531276,7.50711,2.7064161894085763,0.35664812451935407
2000 SF8,1.6490292,0.3451118,17.44177,351.25342,20.3,0.29886795464408883,1.5477154567318112,291.25747,0.5655838448923634,-1.4538352906333125
2000 SL,1.5400388,0.3948299,38.35272,207.75325,18.1,0.8231506991887187,1.414917174371358,298.43389,0.6859353084807128,-1.2668192623691612
2000 SL10,1.3721121,0.3387149,1.46394,208.74131,21.9,0.14304719672357855,1.2910052590912047,242.12176,-0.6113833409063841,-1.1557634016353107
2000 TL1,1.3380986,0.3002015,3.60656,27.21065,23.5,0.06846669297430096,1.2763798848789727,35.76143,1.0678976949767303,0.7690998236495319
2000 UH11,0.8702983,0.4224184,32.22663,29.79057,19.6,0.41255262178474905,0.7888392122311582,95.62184,-0.07734271565751737,0.7857180158475786
2000 VE62,1.6188579,0.2876133,22.17947,207.11971,17.0,1.366090123221672,1.5504556832882366,168.69181,-1.5846853903138396,0.31688695732776423
2000 VJ61,2.1851905,0.5626863,18.67712,270.56311,16.0,2.1651069365823927,1.8064325393839227,228.48668,-1.2903902084996939,-1.4578377480056899
2000 WG6,2.3178554,0.4995152,11.84767,60.76046,17.3,1.1898147579246918,2.0079700058319085,81.35688,0.302610392612336,1.990783610526482
2000 WN107,2.1495768,0.6142779,14.32739,163.41956,15.9,2.2671452828784515,1.6962090578780202,247.52646,-0.6670371290695173,-1.6124759091943717
2000 XK44,1.7239685,0.3855927,11.23885,48.12346,18.1,0.8231506991887187,1.5906524658292338,69.63273,0.5586587357816635,1.5048186568545054
2000 YG4,2.2107152,0.5032765,2.57455,263.068,20.8,0.23739925482809593,1.9103352301947878,188.94997,-2.174889524254777,-0.34252220102475717
2001 AU43,1.8966271,0.376747,72.15568,129.30419,15.9,2.2671452828784515,1.7568764035932958,251.39357,-0.564653336269881,-1.6772107730888774
2001 CQ36,0.9377476,0.1771365,1.25811,30.79186,22.5,0.1085123956052948,0.9229183347084762,110.09523,-0.317686584419681,0.8683433867303928
2001 DS8,2.1268199,0.514491,2.42063,175.77724,22.6,0.10362853329448146,1.823739086839258,317.93511,1.4649913118965951,-1.3220914699735826
2001 FC7,1.4357846,0.1144311,2.62052,99.11607,18.4,0.7169342880402657,1.4263531994894125,42.36039,1.0577508528561146,0.9645191372902457
2001 FD90,2.0464072,0.4778153,7.29875,202.21909,19.1,0.5193729792671287,1.7976875299022776,34.4555,1.6127604433314,1.1065762769563006
2001 FF90,2.5903298,0.6278614,23.2768,354.48545,16.8,1.4978880340791203,2.016118868852571,89.65477,0.012147936412420691,2.0160966979474857
2001 FY,1.8858695,0.3273674,4.73347,111.24583,19.1,0.5193729792671287,1.7819526772413348,338.56446,1.7415187284846079,-0.6837401832348912
2001 HH31,1.6544736,0.2888188,12.85285,71.63459,17.6,1.0362853329448145,1.5839661878335054,69.13809,0.5670845829235847,1.4880152500143795
2001 KN20,2.147766,0.4522703,12.07254,104.96508,17.0,1.366090123221672,1.9155515163592858,232.76068,-1.205204533966768,-1.5855377336541205
2001 MA8,2.372744,0.463068,7.58747,269.62283,17.7,0.9896448099650541,2.1030170007903273,330.27119,1.9945922943076548,-1.1390249805408794
2001 MK3,1.6695938,0.2477007,29.56676,128.86176,15.9,2.2671452828784515,1.6175635855016681,294.97977,0.6868623769839183,-1.4743399831580524
2001 PE1,2.7794565,0.5933892,3.45695,182.99096,18.2,0.7861028149035884,2.237228128074602,290.55925,0.8032950619898165,-2.141755775414656
2001 PJ9,1.7992443,0.6391433,10.53733,283.84143,18.5,0.6846669297430096,1.3837766040136752,160.91766,-1.640892146124331,0.5676435006582213
2001 QC34,1.1283273,0.187472,6.23608,271.6395,20.1,0.32770219579315385,1.1083219974204228,128.35654,-0.692474701394137,0.8750483248999347
2001 QD96,1.2739913,0.4963509,17.95353,330.31304,18.3,0.750722360083508,1.1059798585979406,344.71794,1.2152217603594475,-0.33203811185884247
2001 RB18,2.350867,0.5390298,4.17473,198.28704,18.5,0.6846669297430096,1.9801039932160065,316.04308,1.5465789852627065,-1.4912683165740908
2001 SJ262,2.945017,0.5747235,10.80157,210.43019,19.9,0.35931831251543855,2.4100477812629717,167.5805,-2.843844914954093,0.6262745912141832
2001 SW169,1.2483199,0.0514977,3.55414,8.43357,19.2,0.4959973445799733,1.2466635207188455,272.32428,0.05055881547390556,-1.245640605924718
2001 UY4,1.4528973,0.7875271,5.43682,160.78054,18.2,0.7861028149035884,0.8953915814803344,28.77309,1.0847381343640794,0.5956765638148642
2001 WL15,1.9877737,0.4741132,6.94023,112.17568,18.8,0.5963199670531791,1.7501629778783299,58.31728,0.9491082782425342,1.5377744347560396
2001 WR1,1.2772473,0.2025888,25.02955,6.52693,17.8,0.9451034563112187,1.2507621672222569,17.15293,1.2181712907757845,0.3759906290374281
2001 XR31,1.7067328,0.4364412,22.71774,302.05113,16.5,1.7198055709247886,1.5356034502149916,22.54441,1.5497353706770045,0.6433291553856029
2001 XT1,1.5284531,0.5793832,2.7312,316.25203,18.7,0.6244236612741558,1.2457737676076206,104.84125,-0.32266764705754575,1.2176976243213244
2001 XU10,1.7535081,0.4395375,42.02666,310.16297,15.2,3.1295316740540717,1.5750434812081069,293.43663,0.6362470577119821,-1.467705098339655
2002 AH29,2.4094118,0.5611257,11.40321,117.93564,21.5,0.17198055709247903,1.9943438786788974,213.91042,-1.8703043977747171,-1.2572861870222423
2002 AU4,0.855498,0.3735539,17.18466,99.45324,19.4,0.4523549545486838,0.7935671955619348,123.0367,-0.4418945815371151,0.6795047125743441
2002 JB9,2.7171893,0.7846179,46.75727,70.33033,15.9,2.2671452828784515,1.684602037419053,261.62104,-0.2471001735781281,-1.6776217333963213
2002 KF4,2.9034749,0.5769543,37.04147,77.89267,16.9,1.4304719672357855,2.371489861831105,140.9845,-2.0613082398936937,1.6701380109557131
2002 LJ3,1.4619105,0.275728,7.55739,122.36799,18.3,0.750722360083508,1.4052405620911912,112.17558,-0.5332985852201295,1.3084020758097437
2002 PG80,2.0134031,0.4368559,4.40334,185.70075,18.5,0.6846669297430096,1.8111195141650394,272.3585,0.07454317636666874,-1.8098778037036594
2002 RH52,1.9786851,0.4921243,16.18492,2.27698,16.9,1.4304719672357855,1.7224947304424723,304.79594,1.02416690519225,-1.4738058921329584
2002 RM129,1.5110269,0.4649986,14.57269,132.68074,17.9,0.9025667938004488,1.3377293633420784,240.74745,-0.6712535817483258,-1.198484396572693
2002 RQ25,1.1116998,0.3063765,4.5763,10.51549,20.7,0.24858753701650987,1.0582386191776447,152.91576,-0.9793294244102495,0.5008083149630266
2002 SY50,1.7043557,0.6893682,8.74311,34.28037,17.6,1.0362853329448145,1.2346542380423757,122.30997,-0.7098676536603382,1.1224671015549224
2002 TB9,1.8041508,0.5912959,29.71272,196.33712,16.4,1.800857510412324,1.4549658647538588,213.12151,-1.4026218933579995,-0.9151082393864914
2002 TH68,1.4356625,0.2543234,19.93993,12.53761,21.5,0.17198055709247903,1.3884568138976985,240.08465,-0.6980891317599374,-1.2132619182763582
2002 TV55,2.8893576,0.6603726,11.30698,189.04438,21.0,0.21651069365823924,2.169728704705505,128.17112,-1.468809471773418,1.8684610664673158
2002 TY57,1.9216883,0.3273941,3.45547,118.95654,19.3,0.47367378676019345,1.8157799812801236,76.20816,0.43419765120125214,1.7688236284409873
2002 VC92,1.4606706,0.2785745,27.3219,243.60796,18.9,0.5694811474323337,1.4028494035330439,73.45296,0.40079836666714524,1.349004571178658
2002 WP,1.4501743,0.2159938,19.15224,76.3215,18.4,0.7169342880402657,1.4159425512229762,129.87627,-0.9166375122277595,1.0972092942560052
2002 XP40,1.6446645,0.2958894,3.77577,73.67992,19.9,0.35931831251543855,1.5710200519336381,243.12418,-0.7166324363486015,-1.4140383969061363
2003 BC21,2.5962615,0.5103558,5.47381,292.15647,16.0,2.1651069365823927,2.23268972805422,0.68248,2.5960124584918227,0.03092392486721638
2003 BH,1.4564299,0.3562325,13.11124,119.78694,20.6,0.26030310669964696,1.3608842376621597,117.16593,-0.6297224563876417,1.227101630093792
2003 HA,1.1843054,0.5802281,36.82553,53.50935,16.7,1.5684813222680876,0.9645622948655969,59.27965,0.5159302551741501,0.8682229809436904
2003 QN47,1.7355764,0.3686087,28.01119,349.37565,18.0,0.8619445964685667,1.6133651847939372,321.13514,1.3113842796313748,-1.056826435692604
2003 RL10,2.4532102,0.5509948,17.79369,221.80362,19.4,0.4523549545486838,2.0472251960306074,21.81396,2.2119460609702206,0.8853405190366477
2003 SF170,2.2032416,0.4236022,28.65136,9.40356,19.5,0.43199562784405615,1.995802698640726,301.96556,1.0842120731553053,-1.7374250396496391
2003 WX87,2.3029571,0.4930453,13.02136,98.50779,18.2,0.7861028149035884,2.0035810578244186,163.13065,-2.1746472758696926,0.6594378687876946
2003 YM137,2.5933621,0.6895427,2.70241,77.05402,18.7,0.6244236612741558,1.878229614416554,215.01557,-1.8639423797862154,-1.3059015140306591
2004 BG11,1.7757257,0.4873098,34.12381,108.21564,18.6,0.6538518417986329,1.5506154542329158,122.87971,-0.8728928869604209,1.3503352548877028
2004 DH2,0.9441686,0.4002596,23.0198,157.31146,20.2,0.3129531674054072,0.8652378012282843,303.58728,0.4908393283083758,-0.7391285253800755
2004 EP20,1.0585223,0.4504996,16.17413,159.58936,18.7,0.6244236612741558,0.9450239713740964,171.31603,-1.0433638442911073,0.15935837273113732
2004 EU22,1.1764786,0.1631284,5.3369,175.68023,23.7,0.06244236612741559,1.1607194897417674,332.54961,1.0409997811655796,-0.5407650847302184
2004 FH11,2.2562485,0.4464721,21.37888,203.593,16.6,1.6424015696315357,2.0188856406264195,135.76608,-1.526754005905207,1.4864630299482717
2004 FN32,1.2050013,0.6767352,21.95825,190.07831,19.1,0.5193729792671287,0.8871538975969859,56.49772,0.5278940876727088,0.7974920130392258
2004 HC39,1.8124867,0.5005888,14.65752,56.08518,21.5,0.17198055709247903,1.569042898631506,31.2817,1.4835636748352696,0.9013719674808471
2004 KD1,1.7197347,0.3303178,10.12527,271.49912,17.7,0.9896448099650541,1.6232056032961293,220.92727,-1.2664746145568646,-1.0981102362250554
2004 LZ11,2.1195448,0.3925899,5.4623,72.11377,19.0,0.5438502736768585,1.9493742525684163,272.18029,0.07417037646320215,-1.9481803359143206
2004 QG20,2.3415256,0.4496159,7.61537,169.45853,19.2,0.4959973445799733,2.0915021810340293,22.34486,2.1271065127438535,0.8743361481993538
2004 QZ2,2.259333,0.4954094,0.97245,219.77655,18.1,0.8231506991887187,1.962591333494234,89.12245,0.030059007475084804,1.9624176302691148
2004 RK9,1.8365761,0.4261297,6.22693,354.81544,21.2,0.197460099452781,1.6614807544890782,341.34792,1.7206998073646276,-0.5808211977852892
2004 RS25,2.1274527,0.479115,6.67077,178.86346,20.2,0.3129531674054072,1.8673761571445986,265.67155,-0.14103033322998726,-1.863268587252038
2004 TC10,1.1205177,0.4071878,14.10445,16.45355,20.2,0.3129531674054072,1.0234186292830267,353.54392,1.1120154457760347,-0.12583475214211995
2004 TU11,2.507653,0.5210459,5.27102,207.72001,21.1,0.2067661072379766,2.140353699916494,230.12374,-1.455886156098813,-1.742687122425018
2004 UR,1.5595758,0.4057658,2.43909,28.65946,23.1,0.08231506991887196,1.425416546630612,137.76192,-1.1064247920718893,1.004585497400279
2004 VA,1.9007771,0.5962931,3.69804,109.63643,17.3,1.1898147579246918,1.5258807544726938,149.03615,-1.5225066590132448,0.9135073732435597
2004 VA64,2.4656385,0.8906524,29.93574,225.53269,17.1,1.3046059395138065,1.12108844320569,282.03999,0.23799612475525178,-1.1158535721318683
2004 VB,1.4587714,0.4090336,10.86163,52.41547,20.8,0.23739925482809593,1.331157089718428,39.27266,1.086409120403636,0.8883502009899794
2004 VB61,2.2963671,0.49696,9.26982,59.72535,22.1,0.13046059395138054,1.992726398021957,53.04904,1.2552090841317596,1.6686884079364206
2004 VC17,1.8955864,0.8108951,20.40788,229.25665,18.4,0.7169342880402657,1.1092811218793213,212.21,-1.2901054418110163,-0.8127372485550372
2004 XM35,1.8368333,0.3012988,5.35796,119.07231,19.8,0.3762524628723901,1.7514752445203872,270.72872,0.022275811790932888,-1.7513464440147086
2005 AC,1.0498082,0.5179589,46.87822,315.78409,18.2,0.7861028149035884,0.8980117134290299,50.86356,0.5997525085246043,0.7370370530177671
2005 CV25,1.2569148,0.3109323,23.8734,326.71017,19.7,0.39398469514814133,1.1946121253465671,204.43966,-1.133952035012241,-0.5153301860935333
2005 EF,1.2067993,0.16639,18.59133,350.74369,20.7,0.24858753701650987,1.1899765448664965,159.75503,-1.130320055269004,0.4168843510625568
2005 GQ21,1.4263897,0.2152288,47.02233,203.2551,18.2,0.7861028149035884,1.3929603325937054,326.4379,1.1798664801185068,-0.7827769375982908
2005 HB,2.6954246,0.60842,10.01462,90.24024,20.8,0.23739925482809593,2.139129963460766,50.809,1.4642775361129272,1.7959575481416767
2005 JS1,2.2141639,0.4160574,25.29255,71.34629,19.6,0.41255262178474905,2.0134241536944537,85.52436,0.15720090693569835,2.008343212531347
2005 JU108,2.1241963,0.462698,6.53422,187.90446,19.7,0.39398469514814133,1.8831339382503494,163.81419,-2.018745358032246,0.5859576153105781
2005 NE7,2.0468055,0.646975,9.52914,80.31037,19.0,0.5438502736768585,1.560712143807355,233.31098,-1.0110728894683572,-1.357000989617358
2005 QE30,2.0172745,0.689164,6.23443,259.85739,17.2,1.2458889999152165,1.461727989572003,215.4039,-1.440115251252641,-1.0235841779878596
2005 QF88,2.2564397,0.4578781,7.00805,180.21614,20.7,0.24858753701650987,2.0060087085690688,6.82682,2.236254495814231,0.2677189324991786
2005 QG88,1.7281601,0.4936984,11.31761,344.64737,20.4,0.28541668088449595,1.502865385251648,38.1123,1.2832266434104247,1.0066231332569735
2005 QX151,2.2963454,0.4722749,7.92724,359.61385,20.5,0.27257081417153944,2.024116670068501,314.29712,1.4973932549952238,-1.534590190885219
2005 RC,2.1537581,0.7516275,16.25935,192.00574,17.2,1.2458889999152165,1.4205926246008822,141.44936,-1.3732913598319296,1.0943483987920626
2005 SX4,2.7263698,0.5760057,3.54099,171.00215,20.4,0.28541668088449595,2.2286592047813447,353.187,2.6977091978207786,-0.3223031570450885
2005 TJ174,2.2387045,0.4524828,3.98139,304.66568,16.6,1.6424015696315357,1.9964165195044217,37.37274,1.700290745172292,1.2986890656337555
2005 VE7,2.3305648,0.7174867,7.52419,287.16713,18.4,0.7169342880402657,1.6234066591965859,302.61465,0.9488121815606011,-1.4827808225365486
2005 VJ1,2.6377233,0.5275638,11.27356,330.82396,19.7,0.39398469514814133,2.240786598586985,46.57582,1.6528143857067137,1.746325346072109
2005 WS55,2.0289933,0.4537947,23.78642,283.61224,16.1,2.067661072379766,1.8080486352729068,174.53757,-2.0174102227960717,0.19291947267127346
2005 YP55,2.2854355,0.4353193,6.94715,105.04157,19.0,0.5438502736768585,2.0575230232425263,347.61309,2.220321394691865,-0.48763756196827607
2006 DS14,0.8637597,0.3365327,26.53334,162.25852,20.5,0.27257081417153944,0.813378134458346,305.38639,0.4802246182434133,-0.6760817360776703
2006 DZ169,2.0345014,0.4087867,6.61543,14.8491,17.1,1.3046059395138065,1.8567469201706353,120.1185,-0.951939407055671,1.6409602560206336
2006 RH7,2.197393,0.7588364,10.74671,358.10882,20.6,0.26030310669964696,1.4311209465483417,287.5618,0.4436029729935942,-1.4016554472485248
2006 SJ134,2.2032121,0.4774835,26.10666,129.67678,17.9,0.9025667938004488,1.935831856310109,285.43945,0.5195717086900685,-1.8812329293045955
2006 UP,1.5843763,0.300751,2.28543,47.91439,23.0,0.08619445964685658,1.5110239518131579,98.93907,-0.23504580167596809,1.494303840225361
2006 XF2,2.1886482,0.4910517,26.95548,78.77093,19.9,0.35931831251543855,1.9065980499151554,283.63522,0.45250263782278893,-1.8654037900003793
2007 JZ20,1.3113093,0.3351922,40.47841,200.49864,18.6,0.6538518417986329,1.235449755357748,282.50028,0.26811270857457237,-1.2093503059718054
2007 LQ19,2.6026944,0.6303306,17.07474,110.87995,17.1,1.3046059395138065,2.020541472435645,291.35237,0.7558603740045634,-1.9334580013265348
2007 RT146,1.8359802,0.4488901,16.81592,196.05665,18.8,0.5963199670531791,1.6406079892073429,286.24716,0.46267506335409025,-1.5876591580729302
2007 VT6,1.9501689,0.6439797,7.38826,213.43108,20.5,0.27257081417153944,1.4919622425811538,47.49182,1.1196697025988367,1.2215548889391779
2008 JF,1.9074124,0.3926861,19.80275,90.66252,18.1,0.8231506991887187,1.754194854475882,3.15619,1.9039930833726288,0.10498940329804633
2008 QC,2.2730657,0.520068,11.11488,16.91458,20.6,0.26030310669964696,1.9414819213275556,45.0532,1.474696725294788,1.477437827775496
2008 RG98,2.1939176,0.7662155,10.69592,340.09506,17.1,1.3046059395138065,1.40977568216698,49.99457,1.041384189411591,1.2408345106112026
2008 RP108,2.1249786,0.415006,5.69986,180.47092,20.1,0.32770219579315385,1.9333452126031987,164.30405,-2.0303395886222013,0.5705478675519807
2008 SN1,2.6571538,0.5141866,6.05296,279.0736,19.6,0.41255262178474905,2.278983268790119,159.50569,-2.4358940161478646,0.9104677408650913
2008 SO1,2.8773689,0.6014327,12.43271,199.11026,19.8,0.3762524628723901,2.2987975396722855,47.65594,1.6936274612711886,1.8583993364567757
2008 SX245,1.9924597,0.4583249,11.82535,209.0195,18.4,0.7169342880402657,1.7708677450211423,204.65242,-1.7703660412968336,-0.8124969027990806
2008 TD4,1.8222096,0.617486,14.46227,221.9151,19.7,0.39398469514814133,1.4333170365431727,132.30838,-1.0607648317604914,1.165422857208974
2008 TK157,2.3896533,0.5175766,4.54884,220.31995,20.6,0.26030310669964696,2.0446754837226226,287.5743,0.625054030076305,-1.97349085991996
2008 WP1,2.2194734,0.4325127,7.56746,71.35291,20.5,0.27257081417153944,2.0011390106265154,56.06227,1.1512870640064221,1.7108611663169309
2009 OC,2.1351412,0.4473963,4.58266,178.34758,20.1,0.32770219579315385,1.9095332461428405,40.91605,1.5332617093124177,1.328904922929424
2009 RD4,2.7191477,0.604254,22.56096,8.25609,20.5,0.27257081417153944,2.1665944725055573,40.82868,1.8433523237692757,1.592749935763637
2009 TK8,0.9293493,0.3402362,21.16587,29.25992,20.2,0.3129531674054072,0.8739043269930896,330.49276,0.7962613343813164,-0.4506358212585566
2010 WY8,1.3851725,0.1355415,5.98401,88.86192,21.3,0.1885729310124611,1.3723896708555736,328.87162,1.182768908822723,-0.7142911050950878
